PERSON_ID,FIRST_NAME,LAST_NAME,DISPLAY_FIRST_LAST,DISPLAY_LAST_COMMA_FIRST,DISPLAY_FI_LAST,BIRTHDATE,SCHOOL,COUNTRY,LAST_AFFILIATION,HEIGHT,WEIGHT,SEASON_EXP,JERSEY,POSITION,ROSTERSTATUS,TEAM_ID,TEAM_NAME,TEAM_ABBREVIATION,TEAM_CODE,TEAM_CITY,PLAYERCODE,FROM_YEAR,TO_YEAR,DLEAGUE_FLAG,NBA_FLAG,GAMES_PLAYED_FLAG,DRAFT_YEAR,DRAFT_ROUND,DRAFT_NUMBER,height,weight
201143,Al,Horford,Al Horford,"Horford, Al",A. Horford,1986-06-03T00:00:00,Florida,Dominican Republic,Florida/Domincan Republic,6-9,240,12,42,Center-Forward,Active,1610612755,76ers,PHI,sixers,Philadelphia,al_horford,2007,2019,N,Y,Y,2007,1,3,206.0,109.0
1627759,Jaylen,Brown,Jaylen Brown,"Brown, Jaylen",J. Brown,1996-10-24T00:00:00,California,USA,California/USA,6-6,223,3,7,Guard-Forward,Active,1610612738,Celtics,BOS,celtics,Boston,jaylen_brown,2016,2019,N,Y,Y,2016,1,3,198.0,101.0
203954,Joel,Embiid,Joel Embiid,"Embiid, Joel",J. Embiid,1994-03-16T00:00:00,Kansas,Cameroon,Kansas/Cameroon,7-0,280,3,21,Center-Forward,Active,1610612755,76ers,PHI,sixers,Philadelphia,joel_embiid,2014,2019,N,Y,Y,2014,1,3,213.0,127.0
203967,Dario,Saric,Dario Saric,"Saric, Dario",D. Saric,1994-04-08T00:00:00, ,Croatia,Anadolu Efes (Turkey)/Croatia,6-10,225,3,20,Forward,Active,1610612756,Suns,PHX,suns,Phoenix,dario_saric,2016,2019,N,Y,Y,2014,1,12,208.0,102.0
1627745,Damian,Jones,Damian Jones,"Jones, Damian",D. Jones,1995-06-30T00:00:00,Vanderbilt,USA,Vanderbilt/USA,6-11,245,3,30,Center,Active,1610612737,Hawks,ATL,hawks,Atlanta,damian_jones,2016,2019,Y,Y,Y,2016,1,30,211.0,111.0
1626172,Kevon,Looney,Kevon Looney,"Looney, Kevon",K. Looney,1996-02-06T00:00:00,UCLA,USA,UCLA/USA,6-9,222,4,5,Forward,Active,1610612744,Warriors,GSW,warriors,Golden State,kevon_looney,2015,2019,Y,Y,Y,2015,1,30,206.0,101.0
203110,Draymond,Green,Draymond Green,"Green, Draymond",D. Green,1990-03-04T00:00:00,Michigan State,USA,Michigan State/USA,6-6,230,7,23,Forward,Active,1610612744,Warriors,GSW,warriors,Golden State,draymond_green,2012,2019,N,Y,Y,2012,2,35,198.0,104.0
203500,Steven,Adams,Steven Adams,"Adams, Steven",S. Adams,1993-07-20T00:00:00,Pittsburgh,New Zealand,Pittsburgh/New Zealand,6-11,265,6,12,Center,Active,1610612760,Thunder,OKC,thunder,Oklahoma City,steven_adams,2013,2019,N,Y,Y,2013,1,12,211.0,120.0
203924,Jerami,Grant,Jerami Grant,"Grant, Jerami",J. Grant,1994-03-12T00:00:00,Syracuse,USA,Syracuse/USA,6-8,210,5,9,Forward,Active,1610612743,Nuggets,DEN,nuggets,Denver,jerami_grant,2014,2019,N,Y,Y,2014,2,39,203.0,95.0
203471,Dennis,Schroder,Dennis Schroder,"Schroder, Dennis",D. Schroder,1993-09-15T00:00:00, ,Germany,Germany/Germany,6-1,172,6,17,Guard,Active,1610612760,Thunder,OKC,thunder,Oklahoma City,dennis_schroder,2013,2019,Y,Y,Y,2013,1,17,185.0,78.0
203469,Cody,Zeller,Cody Zeller,"Zeller, Cody",C. Zeller,1992-10-05T00:00:00,Indiana,USA,Indiana/USA,7-0,240,6,40,Forward-Center,Active,1610612766,Hornets,CHA,hornets,Charlotte,cody_zeller,2013,2019,N,Y,Y,2013,1,4,213.0,109.0
201572,Brook,Lopez,Brook Lopez,"Lopez, Brook",B. Lopez,1988-04-01T00:00:00,Stanford,USA,Stanford/USA,7-0,282,11,11,Center,Active,1610612749,Bucks,MIL,bucks,Milwaukee,brook_lopez,2008,2019,N,Y,Y,2008,1,10,213.0,128.0
203083,Andre,Drummond,Andre Drummond,"Drummond, Andre",A. Drummond,1993-08-10T00:00:00,Connecticut,USA,Connecticut/USA,6-10,279,7,0,Center,Active,1610612765,Pistons,DET,pistons,Detroit,andre_drummond,2012,2019,N,Y,Y,2012,1,9,208.0,127.0
1628386,Jarrett,Allen,Jarrett Allen,"Allen, Jarrett",J. Allen,1998-04-21T00:00:00,Texas,USA,Texas/USA,6-11,243,2,31,Center,Active,1610612751,Nets,BKN,nets,Brooklyn,jarrett_allen,2017,2019,N,Y,Y,2017,1,22,211.0,110.0
1626167,Myles,Turner,Myles Turner,"Turner, Myles",M. Turner,1996-03-24T00:00:00,Texas,USA,Texas/USA,6-11,250,4,33,Center-Forward,Active,1610612754,Pacers,IND,pacers,Indiana,myles_turner,2015,2019,N,Y,Y,2015,1,11,211.0,113.0
203506,Victor,Oladipo,Victor Oladipo,"Oladipo, Victor",V. Oladipo,1992-05-04T00:00:00,Indiana,USA,Indiana/USA,6-4,213,6,4,Guard,Active,1610612754,Pacers,IND,pacers,Indiana,victor_oladipo,2013,2019,N,Y,Y,2013,1,2,193.0,97.0
1627734,Domantas,Sabonis,Domantas Sabonis,"Sabonis, Domantas",D. Sabonis,1996-05-03T00:00:00,Gonzaga,Lithuania,Gonzaga/Lithuania,6-11,240,3,11,Forward-Center,Active,1610612754,Pacers,IND,pacers,Indiana,domantas_sabonis,2016,2019,N,Y,Y,2016,1,11,211.0,109.0
201188,Marc,Gasol,Marc Gasol,"Gasol, Marc",M. Gasol,1985-01-29T00:00:00, ,Spain,FC Barcelona/Spain,6-11,255,11,33,Center,Active,1610612761,Raptors,TOR,raptors,Toronto,marc_gasol,2008,2019,N,Y,Y,2007,2,48,211.0,116.0
202066,Garrett,Temple,Garrett Temple,"Temple, Garrett",G. Temple,1986-05-08T00:00:00,Louisiana State,USA,Louisiana State/USA,6-5,195,9,17,Guard-Forward,Active,1610612751,Nets,BKN,nets,Brooklyn,garrett_temple,2009,2019,Y,Y,Y,Undrafted,Undrafted,Undrafted,196.0,88.0
1628991,Jaren,Jackson Jr.,Jaren Jackson Jr.,"Jackson Jr., Jaren",J. Jackson Jr.,1999-09-15T00:00:00,Michigan State,USA,Michigan State University/USA,6-11,242,1,13,Forward-Center,Active,1610612763,Grizzlies,MEM,grizzlies,Memphis,jaren_jackson_jr,2018,2019,N,Y,Y,2018,1,4,211.0,110.0
202696,Nikola,Vucevic,Nikola Vucevic,"Vucevic, Nikola",N. Vucevic,1990-10-24T00:00:00,USC,Montenegro,USCMontenegro/Montenegro,6-11,260,8,9,Center,Active,1610612753,Magic,ORL,magic,Orlando,nikola_vucevic,2011,2019,N,Y,Y,2011,1,16,211.0,118.0
203932,Aaron,Gordon,Aaron Gordon,"Gordon, Aaron",A. Gordon,1995-09-16T00:00:00,Arizona,USA,Arizona/USA,6-8,235,5,00,Forward,Active,1610612753,Magic,ORL,magic,Orlando,aaron_gordon,2014,2019,N,Y,Y,2014,1,4,203.0,107.0
202355,Hassan,Whiteside,Hassan Whiteside,"Whiteside, Hassan",H. Whiteside,1989-06-13T00:00:00,Marshall,USA,MarshallUSA/USA,7-0,265,7,21,Center,Active,1610612757,Trail Blazers,POR,blazers,Portland,hassan_whiteside,2010,2019,Y,Y,Y,2010,2,33,213.0,120.0
1628389,Bam,Adebayo,Bam Adebayo,"Adebayo, Bam",B. Adebayo,1997-07-18T00:00:00,Kentucky,USA,Kentucky/USA,6-9,255,2,13,Center-Forward,Active,1610612748,Heat,MIA,heat,Miami,bam_adebayo,2017,2019,N,Y,Y,2017,1,14,206.0,116.0
202683,Enes,Kanter,Enes Kanter,"Kanter, Enes",E. Kanter,1992-05-20T00:00:00, ,Turkey,Fenerbahce Ulker/Turkey,6-10,250,8,11,Center,Active,1610612738,Celtics,BOS,celtics,Boston,enes_kanter,2011,2019,N,Y,Y,2011,1,3,208.0,113.0
203458,Alex,Len,Alex Len,"Len, Alex",A. Len,1993-06-16T00:00:00,Maryland,Ukraine,Maryland/Ukraine,7-0,250,6,25,Center,Active,1610612737,Hawks,ATL,hawks,Atlanta,alex_len,2013,2019,N,Y,Y,2013,1,5,213.0,113.0
202685,Jonas,Valanciunas,Jonas Valanciunas,"Valanciunas, Jonas",J. Valanciunas,1992-05-06T00:00:00, ,Lithuania,"Utena, Lithuania/Lithuania",6-11,265,7,17,Center,Active,1610612763,Grizzlies,MEM,grizzlies,Memphis,jonas_valanciunas,2012,2019,N,Y,Y,2011,1,5,211.0,120.0
202684,Tristan,Thompson,Tristan Thompson,"Thompson, Tristan",T. Thompson,1991-03-13T00:00:00,Texas,Canada,Texas/Canada,6-9,254,8,13,Center-Forward,Active,1610612739,Cavaliers,CLE,cavaliers,Cleveland,tristan_thompson,2011,2019,N,Y,Y,2011,1,4,206.0,115.0
203991,Clint,Capela,Clint Capela,"Capela, Clint",C. Capela,1994-05-18T00:00:00,Switzerland,Switzerland,Switzerland/Switzerland,6-10,240,5,15,Center,Active,1610612745,Rockets,HOU,rockets,Houston,clint_capela,2014,2019,Y,Y,Y,2014,1,25,208.0,109.0
101108,Chris,Paul,Chris Paul,"Paul, Chris",C. Paul,1985-05-06T00:00:00,Wake Forest,USA,Wake Forest/USA,6-1,175,14,3,Guard,Active,1610612760,Thunder,OKC,thunder,Oklahoma City,chris_paul,2005,2019,N,Y,Y,2005,1,4,185.0,79.0
203076,Anthony,Davis,Anthony Davis,"Davis, Anthony",A. Davis,1993-03-11T00:00:00,Kentucky,USA,Kentucky/USA,6-10,253,7,3,Forward-Center,Active,1610612747,Lakers,LAL,lakers,Los Angeles,anthony_davis,2012,2019,N,Y,Y,2012,1,1,208.0,115.0
203901,Elfrid,Payton,Elfrid Payton,"Payton, Elfrid",E. Payton,1994-02-22T00:00:00,Louisana-Lafayette,USA,Louisiana-Lafayette/USA,6-3,195,5,6,Guard,Active,1610612752,Knicks,NYK,knicks,New York,elfrid_payton,2014,2019,N,Y,Y,2014,1,10,190.0,88.0
1627751,Jakob,Poeltl,Jakob Poeltl,"Poeltl, Jakob",J. Poeltl,1995-10-15T00:00:00,Utah,Austria,Utah/Austria,7-1,245,3,25,Center,Active,1610612759,Spurs,SAS,spurs,San Antonio,jakob_poeltl,2016,2019,Y,Y,Y,2016,1,9,216.0,111.0
1626157,Karl-Anthony,Towns,Karl-Anthony Towns,"Towns, Karl-Anthony",K. Towns,1995-11-15T00:00:00,Kentucky,USA,Kentucky/USA,6-11,248,4,32,Center-Forward,Active,1610612750,Timberwolves,MIN,timberwolves,Minnesota,karl-anthony_towns,2015,2019,N,Y,Y,2015,1,1,211.0,112.0
1627812,Yogi,Ferrell,Yogi Ferrell,"Ferrell, Yogi",Y. Ferrell,1993-05-09T00:00:00,Indiana,USA,Indiana/USA,6-0,178,3,3,Guard,Active,1610612758,Kings,SAC,kings,Sacramento,yogi_ferrell,2016,2019,Y,Y,Y,Undrafted,Undrafted,Undrafted,183.0,81.0
1626161,Willie,Cauley-Stein,Willie Cauley-Stein,"Cauley-Stein, Willie",W. Cauley-Stein,1993-08-18T00:00:00,Kentucky,USA,Kentucky/USA,7-0,240,4,2,Center,Active,1610612744,Warriors,GSW,warriors,Golden State,willie_cauley-stein,2015,2019,N,Y,Y,2015,1,6,213.0,109.0
1628378,Donovan,Mitchell,Donovan Mitchell,"Mitchell, Donovan",D. Mitchell,1996-09-07T00:00:00,Louisville,USA,Louisville/USA,6-1,215,2,45,Guard,Active,1610612762,Jazz,UTA,jazz,Utah,donovan_mitchell,2017,2019,N,Y,Y,2017,1,13,185.0,98.0
204060,Joe,Ingles,Joe Ingles,"Ingles, Joe",J. Ingles,1987-10-02T00:00:00, ,Australia,Australia/Australia,6-7,220,5,2,Forward-Guard,Active,1610612762,Jazz,UTA,jazz,Utah,joe_ingles,2014,2019,N,Y,Y,Undrafted,Undrafted,Undrafted,201.0,100.0
203497,Rudy,Gobert,Rudy Gobert,"Gobert, Rudy",R. Gobert,1992-06-26T00:00:00,France,France,France/France,7-1,258,6,27,Center,Active,1610612762,Jazz,UTA,jazz,Utah,rudy_gobert,2013,2019,Y,Y,Y,2013,1,27,216.0,117.0
101162,Marcin,Gortat,Marcin Gortat,"Gortat, Marcin",M. Gortat,1984-02-17T00:00:00,,Poland,RheinEnergie Cologne/Poland,,,11,,,Inactive,0,,,,,marcin_gortat,2007,2018,Y,Y,Y,2005,2,57,,
203999,Nikola,Jokic,Nikola Jokic,"Jokic, Nikola",N. Jokic,1995-02-19T00:00:00, ,Serbia,Serbia/Serbia,7-0,284,4,15,Center,Active,1610612743,Nuggets,DEN,nuggets,Denver,nikola_jokic,2015,2019,N,Y,Y,2014,2,41,213.0,129.0
1629028,Deandre,Ayton,Deandre Ayton,"Ayton, Deandre",D. Ayton,1998-07-23T00:00:00,Arizona,Bahamas,University of Arizona/Bahamas,6-11,250,1,22,Center,Active,1610612756,Suns,PHX,suns,Phoenix,deandre_ayton,2018,2019,N,Y,Y,2018,1,1,211.0,113.0
201599,DeAndre,Jordan,DeAndre Jordan,"Jordan, DeAndre",D. Jordan,1988-07-21T00:00:00,Texas A&M,USA,Texas A&M/USA,6-11,265,11,6,Center,Active,1610612751,Nets,BKN,nets,Brooklyn,deandre_jordan,2008,2019,N,Y,Y,2008,2,35,211.0,120.0
1627732,Ben,Simmons,Ben Simmons,"Simmons, Ben",B. Simmons,1996-07-20T00:00:00,Louisiana State,Australia,Louisiana State/Australia,6-10,240,2,25,Guard-Forward,Active,1610612755,76ers,PHI,sixers,Philadelphia,ben_simmons,2016,2019,N,Y,Y,2016,1,1,208.0,109.0
1628976,Wendell,Carter Jr.,Wendell Carter Jr.,"Carter Jr., Wendell",W. Carter Jr.,1999-04-16T00:00:00,Duke,USA,Duke University/USA,6-9,270,1,34,Center-Forward,Active,1610612741,Bulls,CHI,bulls,Chicago,wendell_carter_jr,2018,2019,N,Y,Y,2018,1,7,206.0,122.0
203953,Jabari,Parker,Jabari Parker,"Parker, Jabari",J. Parker,1995-03-15T00:00:00,Duke,USA,Duke/USA,6-8,245,5,5,Forward,Active,1610612737,Hawks,ATL,hawks,Atlanta,jabari_parker,2014,2019,N,Y,Y,2014,1,2,203.0,111.0
101133,Ian,Mahinmi,Ian Mahinmi,"Mahinmi, Ian",I. Mahinmi,1986-11-05T00:00:00, ,France,Pau Orthez/France,6-11,262,11,28,Center,Active,1610612764,Wizards,WAS,wizards,Washington,ian_mahinmi,2007,2019,Y,Y,Y,2005,1,28,211.0,119.0
201160,Jason,Smith,Jason Smith,"Smith, Jason",J. Smith,1986-03-02T00:00:00,Colorado State,USA,Colorado State/USA,,,10,,,Inactive,0,,,,,jason_smith,2007,2018,N,Y,Y,2007,1,20,,
202693,Markieff,Morris,Markieff Morris,"Morris, Markieff",M. Morris,1989-09-02T00:00:00,Kansas,USA,Kansas/USA,6-8,245,8,8,Forward,Active,1610612765,Pistons,DET,pistons,Detroit,markieff_morris,2011,2019,N,Y,Y,2011,1,13,203.0,111.0
203994,Jusuf,Nurkic,Jusuf Nurkic,"Nurkic, Jusuf",J. Nurkic,1994-08-23T00:00:00, ,Bosnia and Herzegovina,Boznia & Herzegovina/Bosnia and Herzegovina,7-0,290,5,27,Center,Active,1610612757,Trail Blazers,POR,blazers,Portland,jusuf_nurkic,2014,2019,N,Y,Y,2014,1,16,213.0,132.0
201580,JaVale,McGee,JaVale McGee,"McGee, JaVale",J. McGee,1988-01-19T00:00:00,Nevada-Reno,USA,Nevada-Reno/USA,7-0,270,11,7,Center-Forward,Active,1610612747,Lakers,LAL,lakers,Los Angeles,javale_mcgee,2008,2019,N,Y,Y,2008,1,18,213.0,122.0
1626170,Jerian,Grant,Jerian Grant,"Grant, Jerian",J. Grant,1992-10-09T00:00:00,Notre Dame,USA,Notre Dame/USA,6-4,205,4,22,Guard,Active,1610612753,Magic,ORL,magic,Orlando,jerian_grant,2015,2018,Y,Y,Y,2015,1,19,193.0,93.0
2225,Tony,Parker,Tony Parker,"Parker, Tony",T. Parker,1982-05-17T00:00:00, ,France,Paris BR/France,6-2,185,18,9,Guard,Active,1610612766,Hornets,CHA,hornets,Charlotte,tony_parker,2001,2018,N,Y,Y,2001,1,28,188.0,84.0
201586,Serge,Ibaka,Serge Ibaka,"Ibaka, Serge",S. Ibaka,1989-09-18T00:00:00, ,Democratic Republic of the Congo,Ricoh Manresa/Democratic Republic of the Congo,7-0,235,10,9,Forward,Active,1610612761,Raptors,TOR,raptors,Toronto,serge_ibaka,2009,2019,N,Y,Y,2008,1,24,213.0,107.0
203935,Marcus,Smart,Marcus Smart,"Smart, Marcus",M. Smart,1994-03-06T00:00:00,Oklahoma State,USA,Oklahoma State/USA,6-3,220,5,36,Guard,Active,1610612738,Celtics,BOS,celtics,Boston,marcus_smart,2014,2019,Y,Y,Y,2014,1,6,190.0,100.0
202710,Jimmy,Butler,Jimmy Butler,"Butler, Jimmy",J. Butler,1989-09-14T00:00:00,Marquette,USA,Marquette/USA,6-7,230,8,22,Forward,Active,1610612748,Heat,MIA,heat,Miami,jimmy_butler,2011,2019,N,Y,Y,2011,1,30,201.0,104.0
201567,Kevin,Love,Kevin Love,"Love, Kevin",K. Love,1988-09-07T00:00:00,UCLA,USA,UCLA/USA,6-8,251,11,0,Forward-Center,Active,1610612739,Cavaliers,CLE,cavaliers,Cleveland,kevin_love,2008,2019,N,Y,Y,2008,1,5,203.0,114.0
203507,Giannis,Antetokounmpo,Giannis Antetokounmpo,"Antetokounmpo, Giannis",G. Antetokounmpo,1994-12-06T00:00:00, ,Greece,Greece/Greece,6-11,242,6,34,Forward,Active,1610612749,Bucks,MIL,bucks,Milwaukee,giannis_antetokounmpo,2013,2019,N,Y,Y,2013,1,15,211.0,110.0
201601,Luc,Mbah a Moute,Luc Mbah a Moute,"Mbah a Moute, Luc",L. Mbah a Moute,1986-09-09T00:00:00,California-Los Angeles,Cameroon,UCLA/Cameroon,,,10,,,Inactive,0,,,,,luc_mbah a moute,2008,2018,N,Y,Y,2008,2,37,,
202331,Paul,George,Paul George,"George, Paul",P. George,1990-05-02T00:00:00,Fresno State,USA,Fresno State/USA,6-8,220,9,13,Forward,Active,1610612746,Clippers,LAC,clippers,LA,paul_george,2010,2019,N,Y,Y,2010,1,10,203.0,100.0
1628384,OG,Anunoby,OG Anunoby,"Anunoby, OG",O. Anunoby,1997-07-17T00:00:00,Indiana,United Kingdom,Indiana/United Kingdom,6-7,232,2,3,Forward,Active,1610612761,Raptors,TOR,raptors,Toronto,og_anunoby,2017,2019,N,Y,Y,2017,1,23,201.0,105.0
203501,Tim,Hardaway Jr.,Tim Hardaway Jr.,"Hardaway Jr., Tim",T. Hardaway Jr.,1992-03-16T00:00:00,Michigan,USA,Michigan/USA,6-5,205,6,11,Guard-Forward,Active,1610612742,Mavericks,DAL,mavericks,Dallas,tim_hardaway jr.,2013,2019,Y,Y,Y,2013,1,24,196.0,93.0
200755,JJ,Redick,JJ Redick,"Redick, JJ",J. Redick,1984-06-24T00:00:00,Duke,USA,Duke/USA,6-3,200,13,4,Guard,Active,1610612740,Pelicans,NOP,pelicans,New Orleans,jj_redick,2006,2019,N,Y,Y,2006,1,11,190.0,91.0
203496,Robert,Covington,Robert Covington,"Covington, Robert",R. Covington,1990-12-14T00:00:00,Tennessee State,USA,Tennessee State/USA,6-7,209,6,33,Forward,Active,1610612750,Timberwolves,MIN,timberwolves,Minnesota,robert_covington,2013,2019,Y,Y,Y,Undrafted,Undrafted,Undrafted,201.0,95.0
1627884,Derrick,Jones Jr.,Derrick Jones Jr.,"Jones Jr., Derrick",D. Jones Jr.,1997-02-15T00:00:00,UNLV,USA,Nevada-Las Vegas/USA,6-6,210,3,5,Forward,Active,1610612748,Heat,MIA,heat,Miami,derrick_jones jr.,2016,2019,Y,Y,Y,Undrafted,Undrafted,Undrafted,198.0,95.0
203087,Jeremy,Lamb,Jeremy Lamb,"Lamb, Jeremy",J. Lamb,1992-05-30T00:00:00,Connecticut,USA,Connecticut/USA,6-5,180,7,26,Guard-Forward,Active,1610612754,Pacers,IND,pacers,Indiana,jeremy_lamb,2012,2019,Y,Y,Y,2012,1,12,196.0,82.0
203077,Michael,Kidd-Gilchrist,Michael Kidd-Gilchrist,"Kidd-Gilchrist, Michael",M. Kidd-Gilchrist,1993-09-26T00:00:00,Kentucky,USA,Kentucky/USA,6-6,232,7,14,Forward,Active,1610612766,Hornets,CHA,hornets,Charlotte,michael_kidd-gilchrist,2012,2019,N,Y,Y,2012,1,2,198.0,105.0
1628372,Dennis,Smith Jr.,Dennis Smith Jr.,"Smith Jr., Dennis",D. Smith Jr.,1997-11-25T00:00:00,North Carolina State,USA,North Carolina State/USA,6-2,205,2,5,Guard,Active,1610612752,Knicks,NYK,knicks,New York,dennis_smith jr.,2017,2019,N,Y,Y,2017,1,9,188.0,93.0
201588,George,Hill,George Hill,"Hill, George",G. Hill,1986-05-04T00:00:00,,USA,IUPUI/USA,6-3,188,11,3,Guard,Active,1610612749,Bucks,MIL,bucks,Milwaukee,george_hill,2008,2019,N,Y,Y,2008,1,26,190.0,85.0
1627752,Taurean,Prince,Taurean Prince,"Prince, Taurean",T. Prince,1994-03-22T00:00:00,Baylor,USA,Baylor/USA,6-7,218,3,2,Forward,Active,1610612751,Nets,BKN,nets,Brooklyn,taurean_prince,2016,2019,Y,Y,Y,2016,1,12,201.0,99.0
202328,Greg,Monroe,Greg Monroe,"Monroe, Greg",G. Monroe,1990-06-04T00:00:00,Georgetown,USA,Georgetown/USA,6-11,265,9,55,Center,Active,1610612755,76ers,PHI,sixers,Philadelphia,greg_monroe,2010,2018,N,Y,Y,2010,1,7,211.0,120.0
202687,Bismack,Biyombo,Bismack Biyombo,"Biyombo, Bismack",B. Biyombo,1992-08-28T00:00:00, ,Democratic Republic of the Congo,Baloncesto Fuenlabrada/Democratic Republic of Cong,6-8,255,8,8,Center,Active,1610612766,Hornets,CHA,hornets,Charlotte,bismack_biyombo,2011,2019,N,Y,Y,2011,1,7,203.0,116.0
1628373,Frank,Ntilikina,Frank Ntilikina,"Ntilikina, Frank",F. Ntilikina,1998-07-28T00:00:00, ,France,France/France,6-4,200,2,11,Guard,Active,1610612752,Knicks,NYK,knicks,New York,frank_ntilikina,2017,2019,N,Y,Y,2017,1,8,193.0,91.0
1626162,Kelly,Oubre Jr.,Kelly Oubre Jr.,"Oubre Jr., Kelly",K. Oubre Jr.,1995-12-09T00:00:00,Kansas,USA,Kansas/USA,6-7,203,4,3,Forward-Guard,Active,1610612756,Suns,PHX,suns,Phoenix,kelly_oubre jr.,2015,2019,N,Y,Y,2015,1,15,201.0,92.0
202691,Klay,Thompson,Klay Thompson,"Thompson, Klay",K. Thompson,1990-02-08T00:00:00,Washington State,USA,Washington State/USA,6-6,215,8,11,Guard,Active,1610612744,Warriors,GSW,warriors,Golden State,klay_thompson,2011,2019,N,Y,Y,2011,1,11,198.0,98.0
200746,LaMarcus,Aldridge,LaMarcus Aldridge,"Aldridge, LaMarcus",L. Aldridge,1985-07-19T00:00:00,Texas,USA,Texas/USA,6-11,250,13,12,Center-Forward,Active,1610612759,Spurs,SAS,spurs,San Antonio,lamarcus_aldridge,2006,2019,N,Y,Y,2006,1,2,211.0,113.0
1626204,Larry,Nance Jr.,Larry Nance Jr.,"Nance Jr., Larry",L. Nance Jr.,1993-01-01T00:00:00,Wyoming,USA,Wyoming/USA,6-7,245,4,22,Forward-Center,Active,1610612739,Cavaliers,CLE,cavaliers,Cleveland,larry_nance jr.,2015,2019,N,Y,Y,2015,1,27,201.0,111.0
203925,Joe,Harris,Joe Harris,"Harris, Joe",J. Harris,1991-09-06T00:00:00,Virginia,USA,Virginia/USA,6-6,220,5,12,Guard-Forward,Active,1610612751,Nets,BKN,nets,Brooklyn,joe_harris,2014,2019,Y,Y,Y,2014,2,33,198.0,100.0
1626196,Josh,Richardson,Josh Richardson,"Richardson, Josh",J. Richardson,1993-09-15T00:00:00,Tennessee,USA,Tennessee/USA,6-5,200,4,0,Guard,Active,1610612755,76ers,PHI,sixers,Philadelphia,josh_richardson,2015,2019,Y,Y,Y,2015,2,40,196.0,91.0
202498,Lance,Thomas,Lance Thomas,"Thomas, Lance",L. Thomas,1988-04-24T00:00:00,Duke,USA,Duke/USA,6-8,240,8,42,Forward,Active,1610612752,Knicks,NYK,knicks,New York,lance_thomas,2011,2018,Y,Y,Y,Undrafted,Undrafted,Undrafted,203.0,109.0
1626171,Bobby,Portis,Bobby Portis,"Portis, Bobby",B. Portis,1995-02-10T00:00:00,Arkansas,USA,Arkansas/USA,6-10,250,4,1,Forward,Active,1610612752,Knicks,NYK,knicks,New York,bobby_portis,2015,2019,Y,Y,Y,2015,1,22,208.0,113.0
1628990,Chandler,Hutchison,Chandler Hutchison,"Hutchison, Chandler",C. Hutchison,1996-04-26T00:00:00,Boise State,USA,Boise State University/USA,6-7,210,1,15,Forward-Guard,Active,1610612741,Bulls,CHI,bulls,Chicago,chandler_hutchison,2018,2019,N,Y,Y,2018,1,22,201.0,95.0
1628366,Lonzo,Ball,Lonzo Ball,"Ball, Lonzo",L. Ball,1997-10-27T00:00:00,UCLA,USA,UCLA/USA,6-6,190,2,2,Guard,Active,1610612740,Pelicans,NOP,pelicans,New Orleans,lonzo_ball,2017,2019,N,Y,Y,2017,1,2,198.0,86.0
202322,John,Wall,John Wall,"Wall, John",J. Wall,1990-09-06T00:00:00,Kentucky,USA,Kentucky/USA,6-4,210,9,2,Guard,Active,1610612764,Wizards,WAS,wizards,Washington,john_wall,2010,2019,N,Y,Y,2010,1,1,193.0,95.0
202397,Ish,Smith,Ish Smith,"Smith, Ish",I. Smith,1988-07-05T00:00:00,Wake Forest,USA,Wake Forest/USA,6-0,175,9,14,Guard,Active,1610612764,Wizards,WAS,wizards,Washington,ish_smith,2010,2019,Y,Y,Y,Undrafted,Undrafted,Undrafted,183.0,79.0
1629012,Collin,Sexton,Collin Sexton,"Sexton, Collin",C. Sexton,1999-01-04T00:00:00,Alabama,USA,University of Alabama/USA,6-1,190,1,2,Guard,Active,1610612739,Cavaliers,CLE,cavaliers,Cleveland,collin_sexton,2018,2019,N,Y,Y,2018,1,8,185.0,86.0
200794,Paul,Millsap,Paul Millsap,"Millsap, Paul",P. Millsap,1985-02-10T00:00:00,Louisiana Tech,USA,Louisiana TechUSA/USA,6-7,257,13,4,Forward,Active,1610612743,Nuggets,DEN,nuggets,Denver,paul_millsap,2006,2019,N,Y,Y,2006,2,47,201.0,117.0
1628970,Miles,Bridges,Miles Bridges,"Bridges, Miles",M. Bridges,1998-03-21T00:00:00,Michigan State,USA,Michigan State University/USA,6-6,225,1,0,Forward,Active,1610612766,Hornets,CHA,hornets,Charlotte,miles_bridges,2018,2019,N,Y,Y,2018,1,12,198.0,102.0
1629011,Mitchell,Robinson,Mitchell Robinson,"Robinson, Mitchell",M. Robinson,1998-04-01T00:00:00,Western Kentucky,USA,Western Kentucky University/USA,7-0,240,1,23,Center-Forward,Active,1610612752,Knicks,NYK,knicks,New York,mitchell_robinson,2018,2019,N,Y,Y,2018,2,36,213.0,109.0
201939,Stephen,Curry,Stephen Curry,"Curry, Stephen",S. Curry,1988-03-14T00:00:00,Davidson,USA,Davidson/USA,6-3,185,10,30,Guard,Active,1610612744,Warriors,GSW,warriors,Golden State,stephen_curry,2009,2019,N,Y,Y,2009,1,7,190.0,84.0
200782,P.J.,Tucker,P.J. Tucker,"Tucker, P.J.",P. Tucker,1985-05-05T00:00:00,Texas,USA,Texas/USA,6-5,245,8,17,Forward,Active,1610612745,Rockets,HOU,rockets,Houston,pj_tucker,2006,2019,Y,Y,Y,2006,2,35,196.0,111.0
201976,Patrick,Beverley,Patrick Beverley,"Beverley, Patrick",P. Beverley,1988-07-12T00:00:00,Arkansas,USA,Arkansas/USA,6-1,180,7,21,Guard,Active,1610612746,Clippers,LAC,clippers,LA,patrick_beverley,2012,2019,Y,Y,Y,2009,2,42,185.0,82.0
201959,Taj,Gibson,Taj Gibson,"Gibson, Taj",T. Gibson,1985-06-24T00:00:00,USC,USA,USC/USA,6-9,232,10,67,Forward,Active,1610612752,Knicks,NYK,knicks,New York,taj_gibson,2009,2019,N,Y,Y,2009,1,26,206.0,105.0
203490,Otto,Porter Jr.,Otto Porter Jr.,"Porter Jr., Otto",O. Porter Jr.,1993-06-03T00:00:00,Georgetown,USA,Georgetown/USA,6-8,198,6,22,Forward,Active,1610612741,Bulls,CHI,bulls,Chicago,otto_porter jr.,2013,2019,N,Y,Y,2013,1,3,203.0,90.0
203944,Julius,Randle,Julius Randle,"Randle, Julius",J. Randle,1994-11-29T00:00:00,Kentucky,USA,Kentucky/USA,6-8,250,5,30,Forward-Center,Active,1610612752,Knicks,NYK,knicks,New York,julius_randle,2014,2019,N,Y,Y,2014,1,7,203.0,113.0
203457,Nerlens,Noel,Nerlens Noel,"Noel, Nerlens",N. Noel,1994-04-10T00:00:00,Kentucky,USA,Kentucky/USA,6-10,220,5,9,Center-Forward,Active,1610612760,Thunder,OKC,thunder,Oklahoma City,nerlens_noel,2013,2019,N,Y,Y,2013,1,6,208.0,100.0
202340,Avery,Bradley,Avery Bradley,"Bradley, Avery",A. Bradley,1990-11-26T00:00:00,Texas,USA,Texas/USA,6-3,180,9,11,Guard,Active,1610612747,Lakers,LAL,lakers,Los Angeles,avery_bradley,2010,2019,Y,Y,Y,2010,1,19,190.0,82.0
101161,Amir,Johnson,Amir Johnson,"Johnson, Amir",A. Johnson,1987-05-01T00:00:00,No College,USA,"Westchester HS (Los Angeles, CA)/USA",6-9,240,14,5,Center-Forward,Active,1610612755,76ers,PHI,sixers,Philadelphia,amir_johnson,2005,2018,Y,Y,Y,2005,2,56,206.0,109.0
203488,Mike,Muscala,Mike Muscala,"Muscala, Mike",M. Muscala,1991-07-01T00:00:00,Bucknell,USA,Bucknell/USA,6-10,240,6,33,Forward-Center,Active,1610612760,Thunder,OKC,thunder,Oklahoma City,mike_muscala,2013,2019,Y,Y,Y,2013,2,44,208.0,109.0
203473,Dewayne,Dedmon,Dewayne Dedmon,"Dedmon, Dewayne",D. Dedmon,1989-08-12T00:00:00,USC,USA,USC/USA,7-0,245,6,13,Center,Active,1610612758,Kings,SAC,kings,Sacramento,dewayne_dedmon,2013,2019,Y,Y,Y,Undrafted,Undrafted,Undrafted,213.0,111.0
203101,Miles,Plumlee,Miles Plumlee,"Plumlee, Miles",M. Plumlee,1988-09-01T00:00:00,Duke,USA,Duke/USA,6-11,249,7,18,Center,Active,1610612737,Hawks,ATL,hawks,Atlanta,miles_plumlee,2012,2018,Y,Y,Y,2012,1,26,211.0,113.0
1627758,Ron,Baker,Ron Baker,"Baker, Ron",R. Baker,1993-03-30T00:00:00,Wichita State,USA,Wichita State/USA,,,2,,,Inactive,0,,,,,ron_baker,2016,2018,Y,Y,Y,Undrafted,Undrafted,Undrafted,,
202702,Kenneth,Faried,Kenneth Faried,"Faried, Kenneth",K. Faried,1989-11-19T00:00:00,Morehead State,USA,Morehead State/USA,6-8,220,8,35,Forward-Center,Active,1610612745,Rockets,HOU,rockets,Houston,kenneth_faried,2011,2018,N,Y,Y,2011,1,22,203.0,100.0
202362,Lance,Stephenson,Lance Stephenson,"Stephenson, Lance",L. Stephenson,1990-09-05T00:00:00,Cincinnati,USA,Cincinnati/USA,6-6,230,9,6,Guard,Active,1610612747,Lakers,LAL,lakers,Los Angeles,lance_stephenson,2010,2018,N,Y,Y,2010,2,40,198.0,104.0
200752,Rudy,Gay,Rudy Gay,"Gay, Rudy",R. Gay,1986-08-17T00:00:00,Connecticut,USA,Connecticut/USA,6-8,250,13,22,Forward-Guard,Active,1610612759,Spurs,SAS,spurs,San Antonio,rudy_gay,2006,2019,N,Y,Y,2006,1,8,203.0,113.0
203524,Solomon,Hill,Solomon Hill,"Hill, Solomon",S. Hill,1991-03-18T00:00:00,Arizona,USA,Arizona/USA,6-6,226,6,44,Forward,Active,1610612763,Grizzlies,MEM,grizzlies,Memphis,solomon_hill,2013,2019,Y,Y,Y,2013,1,23,198.0,103.0
1627790,Ante,Zizic,Ante Zizic,"Zizic, Ante",A. Zizic,1997-01-04T00:00:00, ,Croatia,Croatia/Croatia,6-10,266,2,41,Center,Active,1610612739,Cavaliers,CLE,cavaliers,Cleveland,ante_zizic,2017,2019,Y,Y,Y,2016,1,23,208.0,121.0
1629121,Jaylen,Adams,Jaylen Adams,"Adams, Jaylen",J. Adams,1996-05-04T00:00:00,St. Bonaventure,USA,St. Bonaventure/USA,6-2,190,1,10,Guard,Active,1610612737,Hawks,ATL,hawks,Atlanta,jaylen_adams,2018,2018,Y,Y,Y,Undrafted,Undrafted,Undrafted,188.0,86.0
1628964,Mo,Bamba,Mo Bamba,"Bamba, Mo",M. Bamba,1998-05-12T00:00:00,University of Texas at Austin,USA,University of Texas at Austin/USA,7-0,231,1,5,Center,Active,1610612753,Magic,ORL,magic,Orlando,mohamed_bamba,2018,2019,N,Y,Y,2018,1,6,213.0,105.0
1628412,Frank,Mason,Frank Mason,"Mason, Frank",F. Mason,1994-04-03T00:00:00,Kansas,USA,Kansas/USA,5-11,190,2,15,Guard,Active,1610612749,Bucks,MIL,bucks,Milwaukee,frank_mason,2017,2019,Y,Y,Y,2017,2,34,180.0,86.0
1628415,Dillon,Brooks,Dillon Brooks,"Brooks, Dillon",D. Brooks,1996-01-22T00:00:00,Oregon,Canada,Oregon/Canada,6-7,225,2,24,Guard-Forward,Active,1610612763,Grizzlies,MEM,grizzlies,Memphis,dillon_brooks,2017,2019,N,Y,Y,2017,2,45,201.0,102.0
203085,Austin,Rivers,Austin Rivers,"Rivers, Austin",A. Rivers,1992-08-01T00:00:00,Duke,USA,Duke/USA,6-3,200,7,25,Guard,Active,1610612745,Rockets,HOU,rockets,Houston,austin_rivers,2012,2019,N,Y,Y,2012,1,10,190.0,91.0
1626178,Rondae,Hollis-Jefferson,Rondae Hollis-Jefferson,"Hollis-Jefferson, Rondae",R. Hollis-Jefferson,1995-01-03T00:00:00,Arizona,USA,Arizona/USA,6-6,217,4,4,Forward,Active,1610612761,Raptors,TOR,raptors,Toronto,rondae_hollis-jefferson,2015,2019,N,Y,Y,2015,1,23,198.0,98.0
203943,Noah,Vonleh,Noah Vonleh,"Vonleh, Noah",N. Vonleh,1995-08-24T00:00:00,Indiana,USA,Indiana/USA,6-10,257,5,1,Forward,Active,1610612750,Timberwolves,MIN,timberwolves,Minnesota,noah_vonleh,2014,2019,Y,Y,Y,2014,1,9,208.0,117.0
201152,Thaddeus,Young,Thaddeus Young,"Young, Thaddeus",T. Young,1988-06-21T00:00:00,Georgia Tech,USA,Georgia Tech/USA,6-8,235,12,21,Forward,Active,1610612741,Bulls,CHI,bulls,Chicago,thaddeus_young,2007,2019,N,Y,Y,2007,1,12,203.0,107.0
1628404,Josh,Hart,Josh Hart,"Hart, Josh",J. Hart,1995-03-06T00:00:00,Villanova,USA,Villanova/USA,6-5,215,2,3,Guard,Active,1610612740,Pelicans,NOP,pelicans,New Orleans,josh_hart,2017,2019,Y,Y,Y,2017,1,30,196.0,98.0
1627827,Dorian,Finney-Smith,Dorian Finney-Smith,"Finney-Smith, Dorian",D. Finney-Smith,1993-05-04T00:00:00,Florida,USA,Florida/USA,6-7,220,3,10,Forward,Active,1610612742,Mavericks,DAL,mavericks,Dallas,dorian_finney-smith,2016,2019,N,Y,Y,Undrafted,Undrafted,Undrafted,201.0,100.0
203584,Troy,Daniels,Troy Daniels,"Daniels, Troy",T. Daniels,1991-07-15T00:00:00,Va Commonwealth,USA,Virginia Commonwealth/USA,6-4,200,6,30,Guard,Active,1610612747,Lakers,LAL,lakers,Los Angeles,troy_daniels,2013,2019,Y,Y,Y,Undrafted,Undrafted,Undrafted,193.0,91.0
2200,Pau,Gasol,Pau Gasol,"Gasol, Pau",P. Gasol,1980-07-06T00:00:00, ,Spain,FC BarcelonaSpain/Spain,7-1,250,18,16,Forward-Center,Active,1610612757,Trail Blazers,POR,blazers,Portland,pau_gasol,2001,2019,N,Y,Y,2001,1,3,216.0,113.0
1627816,Alex,Poythress,Alex Poythress,"Poythress, Alex",A. Poythress,1993-09-06T00:00:00,Kentucky,USA,Kentucky/USA,6-9,235,3,22,Forward,Active,1610612737,Hawks,ATL,hawks,Atlanta,alex_poythress,2016,2018,Y,Y,Y,Undrafted,Undrafted,Undrafted,206.0,107.0
1628963,Marvin,Bagley III,Marvin Bagley III,"Bagley III, Marvin",M. Bagley III,1999-03-14T00:00:00,Duke,USA,Duke University/USA,6-11,235,1,35,Forward,Active,1610612758,Kings,SAC,kings,Sacramento,marvin_bagley_iii,2018,2019,N,Y,Y,2018,1,2,211.0,107.0
1628400,Semi,Ojeleye,Semi Ojeleye,"Ojeleye, Semi",S. Ojeleye,1994-12-05T00:00:00,Southern Methodist,USA,Southern Methodist/USA,6-6,240,2,37,Forward,Active,1610612738,Celtics,BOS,celtics,Boston,semi_ojeleye,2017,2019,N,Y,Y,2017,2,37,198.0,109.0
202339,Eric,Bledsoe,Eric Bledsoe,"Bledsoe, Eric",E. Bledsoe,1989-12-09T00:00:00,Kentucky,USA,Kentucky/USA,6-1,214,9,6,Guard,Active,1610612749,Bucks,MIL,bucks,Milwaukee,eric_bledsoe,2010,2019,Y,Y,Y,2010,1,18,185.0,97.0
203114,Khris,Middleton,Khris Middleton,"Middleton, Khris",K. Middleton,1991-08-12T00:00:00,Texas A&M,USA,Texas A&M/USA,6-7,222,7,22,Forward,Active,1610612749,Bucks,MIL,bucks,Milwaukee,khris_middleton,2012,2019,Y,Y,Y,2012,2,39,201.0,101.0
1628380,Zach,Collins,Zach Collins,"Collins, Zach",Z. Collins,1997-11-19T00:00:00,Gonzaga,USA,Gonzaga/USA,6-11,250,2,33,Forward-Center,Active,1610612757,Trail Blazers,POR,blazers,Portland,zach_collins,2017,2019,N,Y,Y,2017,1,10,211.0,113.0
1626143,Jahlil,Okafor,Jahlil Okafor,"Okafor, Jahlil",J. Okafor,1995-12-15T00:00:00,Duke,USA,Duke/USA,6-10,270,4,8,Center-Forward,Active,1610612740,Pelicans,NOP,pelicans,New Orleans,jahlil_okafor,2015,2019,N,Y,Y,2015,1,3,208.0,122.0
202703,Nikola,Mirotic,Nikola Mirotic,"Mirotic, Nikola",N. Mirotic,1991-02-11T00:00:00, ,Montenegro,Montenegro/Montenegro,6-10,250,5,41,Forward,Active,1610612749,Bucks,MIL,bucks,Milwaukee,nikola_mirotic,2014,2018,N,Y,Y,2011,1,23,208.0,113.0
1626246,Boban,Marjanovic,Boban Marjanovic,"Marjanovic, Boban",B. Marjanovic,1988-08-15T00:00:00, ,Serbia,Serbia/Serbia,7-4,290,4,51,Center,Active,1610612742,Mavericks,DAL,mavericks,Dallas,boban_marjanovic,2015,2019,Y,Y,Y,Undrafted,Undrafted,Undrafted,224.0,132.0
2730,Dwight,Howard,Dwight Howard,"Howard, Dwight",D. Howard,1985-12-08T00:00:00,No College,USA,SW Atlanta Christian Academy (GA)/USA,6-10,265,15,39,Center-Forward,Active,1610612747,Lakers,LAL,lakers,Los Angeles,dwight_howard,2004,2019,N,Y,Y,2004,1,1,208.0,120.0
203078,Bradley,Beal,Bradley Beal,"Beal, Bradley",B. Beal,1993-06-28T00:00:00,Florida,USA,Florida/USA,6-3,207,7,3,Guard,Active,1610612764,Wizards,WAS,wizards,Washington,bradley_beal,2012,2019,N,Y,Y,2012,1,3,190.0,94.0
1627789,Timothe,Luwawu-Cabarrot,Timothe Luwawu-Cabarrot,"Luwawu-Cabarrot, Timothe",T. Luwawu-Cabarrot,1995-05-09T00:00:00, ,France,France/France,6-7,220,3,15,Guard-Forward,Active,1610612751,Nets,BKN,nets,Brooklyn,timothe_luwawu-cabarrot,2016,2019,Y,Y,Y,2016,1,24,201.0,100.0
201936,Tyreke,Evans,Tyreke Evans,"Evans, Tyreke",T. Evans,1989-09-19T00:00:00,Memphis,USA,Memphis/USA,,,9,,,Inactive,0,,,,,tyreke_evans,2009,2018,N,Y,Y,2009,1,4,,
203109,Jae,Crowder,Jae Crowder,"Crowder, Jae",J. Crowder,1990-07-06T00:00:00,Marquette,USA,Marquette/USA,6-6,235,7,99,Forward,Active,1610612763,Grizzlies,MEM,grizzlies,Memphis,jae_crowder,2012,2019,Y,Y,Y,2012,2,34,198.0,107.0
201583,Ryan,Anderson,Ryan Anderson,"Anderson, Ryan",R. Anderson,1988-05-06T00:00:00,California,USA,California/USA,6-9,240,11,33,Forward,Active,1610612745,Rockets,HOU,rockets,Houston,ryan_anderson,2008,2019,N,Y,Y,2008,1,21,206.0,109.0
1629006,Josh,Okogie,Josh Okogie,"Okogie, Josh",J. Okogie,1998-09-01T00:00:00,Georgia Institute of Technology,Nigeria,Georgia Institute of Technology/Nigeria,6-4,213,1,20,Guard,Active,1610612750,Timberwolves,MIN,timberwolves,Minnesota,josh_okogie,2018,2019,N,Y,Y,2018,1,20,193.0,97.0
1628365,Markelle,Fultz,Markelle Fultz,"Fultz, Markelle",M. Fultz,1998-05-29T00:00:00,Washington,USA,Washington/USA,6-3,209,2,20,Guard,Active,1610612753,Magic,ORL,magic,Orlando,markelle_fultz,2017,2019,N,Y,Y,2017,1,1,190.0,95.0
1628392,Isaiah,Hartenstein,Isaiah Hartenstein,"Hartenstein, Isaiah",I. Hartenstein,1998-05-05T00:00:00, ,Germany,Germany/Germany,7-0,250,1,55,Center-Forward,Active,1610612745,Rockets,HOU,rockets,Houston,isaiah_hartenstein,2018,2019,Y,Y,Y,2017,2,43,213.0,113.0
201988,Patty,Mills,Patty Mills,"Mills, Patty",P. Mills,1988-08-11T00:00:00,St. Mary's (CA),Australia,St. Mary's (CA)/Australia,6-1,180,10,8,Guard,Active,1610612759,Spurs,SAS,spurs,San Antonio,patty_mills,2009,2019,Y,Y,Y,2009,2,55,185.0,82.0
201950,Jrue,Holiday,Jrue Holiday,"Holiday, Jrue",J. Holiday,1990-06-12T00:00:00,UCLA,USA,UCLA/USA,6-3,205,10,11,Guard,Active,1610612740,Pelicans,NOP,pelicans,New Orleans,jrue_holiday,2009,2019,N,Y,Y,2009,1,17,190.0,93.0
204025,Tim,Frazier,Tim Frazier,"Frazier, Tim",T. Frazier,1990-11-01T00:00:00,Penn State,USA,Penn StateUSA/USA,6-0,170,5,12,Guard,Active,1610612765,Pistons,DET,pistons,Detroit,tim_frazier,2014,2019,Y,Y,Y,Undrafted,Undrafted,Undrafted,183.0,77.0
1627774,Jake,Layman,Jake Layman,"Layman, Jake",J. Layman,1994-03-07T00:00:00,Maryland,USA,Maryland/USA,6-8,209,3,10,Forward,Active,1610612750,Timberwolves,MIN,timberwolves,Minnesota,jake_layman,2016,2019,Y,Y,Y,2016,2,47,203.0,95.0
2544,LeBron,James,LeBron James,"James, LeBron",L. James,1984-12-30T00:00:00,No College,USA,St. Vincent-St. Mary HS (OH)/USA,6-9,250,16,23,Forward,Active,1610612747,Lakers,LAL,lakers,Los Angeles,lebron_james,2003,2019,N,Y,Y,2003,1,1,206.0,113.0
1627741,Buddy,Hield,Buddy Hield,"Hield, Buddy",B. Hield,1992-12-17T00:00:00,Oklahoma,Bahamas,Oklahoma/Bahamas,6-4,220,3,24,Guard,Active,1610612758,Kings,SAC,kings,Sacramento,buddy_hield,2016,2019,N,Y,Y,2016,1,6,193.0,100.0
1628368,De'Aaron,Fox,De'Aaron Fox,"Fox, De'Aaron",D. Fox,1997-12-20T00:00:00,Kentucky,USA,Kentucky/USA,6-3,185,2,5,Guard,Active,1610612758,Kings,SAC,kings,Sacramento,de'aaron_fox,2017,2019,N,Y,Y,2017,1,5,190.0,84.0
1626158,Richaun,Holmes,Richaun Holmes,"Holmes, Richaun",R. Holmes,1993-10-15T00:00:00,Bowling Green,USA,Bowling Green State/USA,6-10,235,4,22,Forward,Active,1610612758,Kings,SAC,kings,Sacramento,richaun_holmes,2015,2019,Y,Y,Y,2015,2,37,208.0,107.0
1626164,Devin,Booker,Devin Booker,"Booker, Devin",D. Booker,1996-10-30T00:00:00,Kentucky,USA,Kentucky/USA,6-5,206,4,1,Guard,Active,1610612756,Suns,PHX,suns,Phoenix,devin_booker,2015,2019,N,Y,Y,2015,1,13,196.0,93.0
201933,Blake,Griffin,Blake Griffin,"Griffin, Blake",B. Griffin,1989-03-16T00:00:00,Oklahoma,USA,Oklahoma/USA,6-9,250,9,23,Forward,Active,1610612765,Pistons,DET,pistons,Detroit,blake_griffin,2009,2019,N,Y,Y,2009,1,1,206.0,113.0
204038,Langston,Galloway,Langston Galloway,"Galloway, Langston",L. Galloway,1991-12-09T00:00:00,,USA,St. Joseph's (PA)USA/USA,6-1,200,5,9,Guard,Active,1610612765,Pistons,DET,pistons,Detroit,langston_galloway,2014,2019,Y,Y,Y,Undrafted,Undrafted,Undrafted,185.0,91.0
1626159,Justise,Winslow,Justise Winslow,"Winslow, Justise",J. Winslow,1996-03-26T00:00:00,Duke,USA,Duke/USA,6-6,222,4,20,Forward-Guard,Active,1610612748,Heat,MIA,heat,Miami,justise_winslow,2015,2019,N,Y,Y,2015,1,10,198.0,101.0
203082,Terrence,Ross,Terrence Ross,"Ross, Terrence",T. Ross,1991-02-05T00:00:00,Washington,USA,Washington/USA,6-6,206,7,8,Guard-Forward,Active,1610612753,Magic,ORL,magic,Orlando,terrence_ross,2012,2019,N,Y,Y,2012,1,8,198.0,93.0
201577,Robin,Lopez,Robin Lopez,"Lopez, Robin",R. Lopez,1988-04-01T00:00:00,Stanford,USA,Stanford/USA,7-0,281,11,42,Center,Active,1610612749,Bucks,MIL,bucks,Milwaukee,robin_lopez,2008,2019,N,Y,Y,2008,1,15,213.0,127.0
1626149,Montrezl,Harrell,Montrezl Harrell,"Harrell, Montrezl",M. Harrell,1994-01-26T00:00:00,Louisville,USA,Louisville/USA,6-7,240,4,5,Forward-Center,Active,1610612746,Clippers,LAC,clippers,LA,montrezl_harrell,2015,2019,Y,Y,Y,2015,2,32,201.0,109.0
203476,Gorgui,Dieng,Gorgui Dieng,"Dieng, Gorgui",G. Dieng,1990-01-18T00:00:00,Louisville,Senegal,Louisville/Senegal,6-10,252,6,5,Center,Active,1610612750,Timberwolves,MIN,timberwolves,Minnesota,gorgui_dieng,2013,2019,N,Y,Y,2013,1,21,208.0,114.0
202391,Jeremy,Lin,Jeremy Lin,"Lin, Jeremy",J. Lin,1988-08-23T00:00:00,Harvard,USA,Harvard/USA,6-3,200,9,17,Guard,Active,1610612761,Raptors,TOR,raptors,Toronto,jeremy_lin,2010,2018,Y,Y,Y,Undrafted,Undrafted,Undrafted,190.0,91.0
203914,Gary,Harris,Gary Harris,"Harris, Gary",G. Harris,1994-09-14T00:00:00,Michigan State,USA,Michigan State/USA,6-4,210,5,14,Guard,Active,1610612743,Nuggets,DEN,nuggets,Denver,gary_harris,2014,2019,N,Y,Y,2014,1,19,193.0,95.0
1628390,Terrance,Ferguson,Terrance Ferguson,"Ferguson, Terrance",T. Ferguson,1998-05-17T00:00:00, ,USA,USA/USA,6-6,190,2,23,Guard,Active,1610612760,Thunder,OKC,thunder,Oklahoma City,terrance_ferguson,2017,2019,Y,Y,Y,2017,1,21,198.0,86.0
203516,James,Ennis III,James Ennis III,"Ennis III, James",J. Ennis III,1990-07-01T00:00:00,Cal State-Long Beach,USA,Long Beach State/USA,6-6,215,5,11,Forward,Active,1610612755,76ers,PHI,sixers,Philadelphia,james_ennis iii,2014,2019,Y,Y,Y,2013,2,50,198.0,98.0
203477,Isaiah,Canaan,Isaiah Canaan,"Canaan, Isaiah",I. Canaan,1991-05-21T00:00:00,Murray State,USA,Murray State/USA,,,5,,,Inactive,0,,,,,isaiah_canaan,2013,2018,Y,Y,Y,2013,2,34,,
202681,Kyrie,Irving,Kyrie Irving,"Irving, Kyrie",K. Irving,1992-03-23T00:00:00,Duke,Australia,Duke/Australia,6-2,195,8,11,Guard,Active,1610612751,Nets,BKN,nets,Brooklyn,kyrie_irving,2011,2019,N,Y,Y,2011,1,1,188.0,88.0
1626195,Willy,Hernangomez,Willy Hernangomez,"Hernangomez, Willy",W. Hernangomez,1994-05-27T00:00:00, ,Spain,Cajasol Sevilla/Spain,6-11,250,3,9,Center-Forward,Active,1610612766,Hornets,CHA,hornets,Charlotte,willy_hernangomez,2016,2019,N,Y,Y,2015,2,35,211.0,113.0
202709,Cory,Joseph,Cory Joseph,"Joseph, Cory",C. Joseph,1991-08-20T00:00:00,Texas,Canada,Texas/Canada,6-3,200,8,9,Guard,Active,1610612758,Kings,SAC,kings,Sacramento,cory_joseph,2011,2019,Y,Y,Y,2011,1,29,190.0,91.0
202357,Nemanja,Bjelica,Nemanja Bjelica,"Bjelica, Nemanja",N. Bjelica,1988-05-09T00:00:00, ,Serbia,Fenerbahce Ulker/Serbia,6-10,234,4,88,Forward,Active,1610612758,Kings,SAC,kings,Sacramento,nemanja_bjelica,2015,2019,N,Y,Y,2010,2,35,208.0,106.0
201229,Anthony,Tolliver,Anthony Tolliver,"Tolliver, Anthony",A. Tolliver,1985-06-01T00:00:00,Creighton,USA,Creighton/USA,6-8,240,11,43,Forward,Active,1610612757,Trail Blazers,POR,blazers,Portland,anthony_tolliver,2008,2019,Y,Y,Y,Undrafted,Undrafted,Undrafted,203.0,109.0
1627885,Shaquille,Harrison,Shaquille Harrison,"Harrison, Shaquille",S. Harrison,1993-10-06T00:00:00,Tulsa,USA,Tulsa/USA,6-7,190,2,3,Guard,Active,1610612741,Bulls,CHI,bulls,Chicago,shaquille_harrison,2017,2019,Y,Y,Y,Undrafted,Undrafted,Undrafted,201.0,86.0
201967,Dante,Cunningham,Dante Cunningham,"Cunningham, Dante",D. Cunningham,1987-04-22T00:00:00,Villanova,USA,Villanova/USA,6-8,230,10,33,Forward,Active,1610612759,Spurs,SAS,spurs,San Antonio,dante_cunningham,2009,2018,N,Y,Y,2009,2,33,203.0,104.0
203939,Dwight,Powell,Dwight Powell,"Powell, Dwight",D. Powell,1991-07-20T00:00:00,Stanford,Canada,Stanford/Canada,6-10,240,5,7,Forward-Center,Active,1610612742,Mavericks,DAL,mavericks,Dallas,dwight_powell,2014,2019,Y,Y,Y,2014,2,45,208.0,109.0
201142,Kevin,Durant,Kevin Durant,"Durant, Kevin",K. Durant,1988-09-29T00:00:00,Texas,USA,Texas/USA,6-10,240,12,7,Forward,Active,1610612751,Nets,BKN,nets,Brooklyn,kevin_durant,2007,2019,N,Y,Y,2007,1,2,208.0,109.0
203915,Spencer,Dinwiddie,Spencer Dinwiddie,"Dinwiddie, Spencer",S. Dinwiddie,1993-04-06T00:00:00,Colorado,USA,Colorado/USA,6-5,215,5,8,Guard,Active,1610612751,Nets,BKN,nets,Brooklyn,spencer_dinwiddie,2014,2019,Y,Y,Y,2014,2,38,196.0,98.0
1627742,Brandon,Ingram,Brandon Ingram,"Ingram, Brandon",B. Ingram,1997-09-02T00:00:00,Duke,USA,Duke/USA,6-7,190,3,14,Forward,Active,1610612740,Pelicans,NOP,pelicans,New Orleans,brandon_ingram,2016,2019,N,Y,Y,2016,1,2,201.0,86.0
203613,Jonathon,Simmons,Jonathon Simmons,"Simmons, Jonathon",J. Simmons,1989-09-14T00:00:00,Houston,USA, USA/USA,6-6,195,4,14,Forward,Active,1610612755,76ers,PHI,sixers,Philadelphia,jonathon_simmons,2015,2018,Y,Y,Y,Undrafted,Undrafted,Undrafted,198.0,88.0
1628035,Alfonzo,McKinnie,Alfonzo McKinnie,"McKinnie, Alfonzo",A. McKinnie,1992-09-17T00:00:00,Wisc.-Green Bay,USA,Wisc.-Green Bay/USA,6-7,215,2,28,Forward,Active,1610612739,Cavaliers,CLE,cavaliers,Cleveland,alfonzo_mckinnie,2017,2019,Y,Y,Y,Undrafted,Undrafted,Undrafted,201.0,98.0
1627750,Jamal,Murray,Jamal Murray,"Murray, Jamal",J. Murray,1997-02-23T00:00:00,Kentucky,Canada,Kentucky/Canada,6-4,215,3,27,Guard,Active,1610612743,Nuggets,DEN,nuggets,Denver,jamal_murray,2016,2019,N,Y,Y,2016,1,7,193.0,98.0
201935,James,Harden,James Harden,"Harden, James",J. Harden,1989-08-26T00:00:00,Arizona State,USA,Arizona State/USA,6-5,220,10,13,Guard,Active,1610612745,Rockets,HOU,rockets,Houston,james_harden,2009,2019,N,Y,Y,2009,1,3,196.0,100.0
203095,Evan,Fournier,Evan Fournier,"Fournier, Evan",E. Fournier,1992-10-29T00:00:00, ,France,Poitiers Basket 86/France,6-7,205,7,10,Guard-Forward,Active,1610612753,Magic,ORL,magic,Orlando,evan_fournier,2012,2019,N,Y,Y,2012,1,20,201.0,93.0
1629013,Landry,Shamet,Landry Shamet,"Shamet, Landry",L. Shamet,1997-03-13T00:00:00,Wichita State,USA,Wichita State University/USA,6-4,190,1,20,Guard,Active,1610612746,Clippers,LAC,clippers,LA,landry_shamet,2018,2019,N,Y,Y,2018,1,26,193.0,86.0
202334,Ed,Davis,Ed Davis,"Davis, Ed",E. Davis,1989-06-05T00:00:00,North Carolina,USA,North Carolina/USA,6-9,218,9,17,Center-Forward,Active,1610612762,Jazz,UTA,jazz,Utah,ed_davis,2010,2019,Y,Y,Y,2010,1,13,206.0,99.0
203493,Reggie,Bullock,Reggie Bullock,"Bullock, Reggie",R. Bullock,1991-03-16T00:00:00,North Carolina,USA,North Carolina/USA,6-6,205,6,25,Guard-Forward,Active,1610612752,Knicks,NYK,knicks,New York,reggie_bullock,2013,2019,Y,Y,Y,2013,1,25,198.0,93.0
202714,Shelvin,Mack,Shelvin Mack,"Mack, Shelvin",S. Mack,1990-04-22T00:00:00,Butler,USA,Butler/USA,6-3,203,8,6,Guard,Active,1610612766,Hornets,CHA,hornets,Charlotte,shelvin_mack,2011,2018,Y,Y,Y,2011,2,34,190.0,92.0
201937,Ricky,Rubio,Ricky Rubio,"Rubio, Ricky",R. Rubio,1990-10-21T00:00:00, ,Spain,FC Barcelona/Spain,,,8,,,Inactive,0,,,,,ricky_rubio,2011,2019,N,Y,Y,2009,1,5,,
202695,Kawhi,Leonard,Kawhi Leonard,"Leonard, Kawhi",K. Leonard,1991-06-29T00:00:00,San Diego State,USA,San Diego State/USA,,,8,,,Inactive,0,,,,,kawhi_leonard,2011,2019,N,Y,Y,2011,1,15,,
203992,Bogdan,Bogdanovic,Bogdan Bogdanovic,"Bogdanovic, Bogdan",B. Bogdanovic,1992-08-18T00:00:00, ,Serbia, Serbia/Serbia,,,2,,,Inactive,0,,,,,bogdan_bogdanovic,2017,2019,N,Y,Y,2014,1,27,,
202711,Bojan,Bogdanovic,Bojan Bogdanovic,"Bogdanovic, Bojan",B. Bogdanovic,1989-04-18T00:00:00, ,Croatia,Croatia/Croatia,,,5,,,Inactive,0,,,,,bojan_bogdanovic,2014,2019,N,Y,Y,2011,2,31,,
1628989,Kevin,Huerter,Kevin Huerter,"Huerter, Kevin",K. Huerter,1998-08-27T00:00:00,Maryland,USA,"University of Maryland, College Par/USA",,,1,,,Inactive,0,,,,,kevin_huerter,2018,2019,N,Y,Y,2018,1,19,,
1627761,DeAndre',Bembry,DeAndre' Bembry,"Bembry, DeAndre'",D. Bembry,1994-07-04T00:00:00,,USA,St. Joseph's (PA)/USA,,,3,,,Inactive,0,,,,,deandre'_bembry,2016,2019,Y,Y,Y,2016,1,21,,
1628371,Jonathan,Isaac,Jonathan Isaac,"Isaac, Jonathan",J. Isaac,1997-10-03T00:00:00,Florida State,USA,Florida State/USA,,,2,,,Inactive,0,,,,,jonathan_isaac,2017,2019,Y,Y,Y,2017,1,6,,
2199,Tyson,Chandler,Tyson Chandler,"Chandler, Tyson",T. Chandler,1982-10-02T00:00:00,No College,USA,Dominguez HS (CA)/USA,7-0,235,18,19,Center,Active,1610612745,Rockets,HOU,rockets,Houston,tyson_chandler,2001,2019,N,Y,Y,2001,1,2,213.0,107.0
203382,Aron,Baynes,Aron Baynes,"Baynes, Aron",A. Baynes,1986-12-09T00:00:00,Washington State,Australia,Washington State/Australia,6-10,260,7,46,Center-Forward,Active,1610612756,Suns,PHX,suns,Phoenix,aron_baynes,2012,2019,Y,Y,Y,Undrafted,Undrafted,Undrafted,208.0,118.0
1629029,Luka,Doncic,Luka Doncic,"Doncic, Luka",L. Doncic,1999-02-28T00:00:00, ,Slovenia,Slovenia/Slovenia,,,1,,,Inactive,0,,,,,luka_don,2018,2019,N,Y,Y,2018,1,3,,
1626188,Quinn,Cook,Quinn Cook,"Cook, Quinn",Q. Cook,1993-03-23T00:00:00,Duke,USA,Duke/USA,,,3,,,Inactive,0,,,,,quinn_cook,2016,2019,Y,Y,Y,Undrafted,Undrafted,Undrafted,,
2738,Andre,Iguodala,Andre Iguodala,"Iguodala, Andre",A. Iguodala,1984-01-28T00:00:00,Arizona,USA,Arizona/USA,6-6,215,15,9,Guard-Forward,Active,1610612763,Grizzlies,MEM,grizzlies,Memphis,andre_iguodala,2004,2019,N,Y,Y,2004,1,9,198.0,98.0
1628969,Mikal,Bridges,Mikal Bridges,"Bridges, Mikal",M. Bridges,1996-08-30T00:00:00,Villanova,USA,Villanova University/USA,,,1,,,Inactive,0,,,,,mikal_bridges,2018,2019,N,Y,Y,2018,1,10,,
1627733,Dragan,Bender,Dragan Bender,"Bender, Dragan",D. Bender,1997-11-17T00:00:00, ,Croatia,Croatia/Croatia,7-0,249,3,17,Forward,Active,1610612749,Bucks,MIL,bucks,Milwaukee,dragan_bender,2016,2019,Y,Y,Y,2016,1,4,213.0,113.0
1628515,Isaiah,Briscoe,Isaiah Briscoe,"Briscoe, Isaiah",I. Briscoe,1996-04-13T00:00:00,,USA, USA/USA,,,0,,,Inactive,0,,,,,isaiah_briscoe,2018,2018,Y,Y,Y,Undrafted,Undrafted,Undrafted,,
203081,Damian,Lillard,Damian Lillard,"Lillard, Damian",D. Lillard,1990-07-15T00:00:00,Weber State,USA,Weber State/USA,6-2,195,7,0,Guard,Active,1610612757,Trail Blazers,POR,blazers,Portland,damian_lillard,2012,2019,N,Y,Y,2012,1,6,188.0,88.0
2585,Zaza,Pachulia,Zaza Pachulia,"Pachulia, Zaza",Z. Pachulia,1984-02-10T00:00:00,"Tbilisi, Georgia",Georgia,UlkersporGeorgia/Georgia,6-11,270,16,27,Center,Active,1610612765,Pistons,DET,pistons,Detroit,zaza_pachulia,2003,2018,N,Y,Y,2003,2,42,211.0,122.0
203926,Doug,McDermott,Doug McDermott,"McDermott, Doug",D. McDermott,1992-01-03T00:00:00,Creighton,USA,Creighton/USA,6-7,225,5,20,Forward,Active,1610612754,Pacers,IND,pacers,Indiana,doug_mcdermott,2014,2019,N,Y,Y,2014,1,11,201.0,102.0
202324,Derrick,Favors,Derrick Favors,"Favors, Derrick",D. Favors,1991-07-15T00:00:00,Georgia Tech,USA,Georgia Tech/USA,6-9,265,9,22,Forward,Active,1610612740,Pelicans,NOP,pelicans,New Orleans,derrick_favors,2010,2019,N,Y,Y,2010,1,3,206.0,120.0
201163,Wilson,Chandler,Wilson Chandler,"Chandler, Wilson",W. Chandler,1987-05-10T00:00:00,DePaul,USA,DePaul/USA,6-8,235,12,21,Forward,Active,1610612751,Nets,BKN,nets,Brooklyn,wilson_chandler,2007,2019,N,Y,Y,2007,1,23,203.0,107.0
203933,T.J.,Warren,T.J. Warren,"Warren, T.J.",T. Warren,1993-09-05T00:00:00,North Carolina State,USA,North Carolina State/USA,6-8,220,5,1,Forward,Active,1610612754,Pacers,IND,pacers,Indiana,tj_warren,2014,2019,Y,Y,Y,2014,1,14,203.0,100.0
202699,Tobias,Harris,Tobias Harris,"Harris, Tobias",T. Harris,1992-07-15T00:00:00,Tennessee,USA,Tennessee/USA,6-8,226,8,12,Forward,Active,1610612755,76ers,PHI,sixers,Philadelphia,tobias_harris,2011,2019,N,Y,Y,2011,1,19,203.0,103.0
1627823,Juancho,Hernangomez,Juancho Hernangomez,"Hernangomez, Juancho",J. Hernangomez,1995-09-28T00:00:00, ,Spain,Spain/Spain,6-9,214,3,41,Forward,Active,1610612743,Nuggets,DEN,nuggets,Denver,juan_hernangomez,2016,2019,Y,Y,Y,2016,1,15,206.0,97.0
1629002,Chimezie,Metu,Chimezie Metu,"Metu, Chimezie",C. Metu,1997-03-22T00:00:00,USC,USA,University of Southern California\USA/USA,6-9,225,1,7,Forward-Center,Active,1610612759,Spurs,SAS,spurs,San Antonio,chimezie_metu,2018,2019,Y,Y,Y,2018,2,49,206.0,102.0
1628418,Thomas,Bryant,Thomas Bryant,"Bryant, Thomas",T. Bryant,1997-07-31T00:00:00,Indiana,USA,Indiana/USA,6-10,248,2,13,Center-Forward,Active,1610612764,Wizards,WAS,wizards,Washington,thomas_bryant,2017,2019,Y,Y,Y,2017,2,42,208.0,112.0
1628369,Jayson,Tatum,Jayson Tatum,"Tatum, Jayson",J. Tatum,1998-03-03T00:00:00,Duke,USA,Duke/USA,6-8,210,2,0,Forward-Guard,Active,1610612738,Celtics,BOS,celtics,Boston,jayson_tatum,2017,2019,N,Y,Y,2017,1,3,203.0,95.0
202329,Al-Farouq,Aminu,Al-Farouq Aminu,"Aminu, Al-Farouq",A. Aminu,1990-09-21T00:00:00,Wake Forest,USA,Wake Forest/USA,6-8,220,9,2,Forward,Active,1610612753,Magic,ORL,magic,Orlando,al-farouq_aminu,2010,2019,N,Y,Y,2010,1,8,203.0,100.0
1626257,Salah,Mejri,Salah Mejri,"Mejri, Salah",S. Mejri,1986-06-15T00:00:00, ,Tunisia,Tunisia/Tunisia,7-2,235,4,50,Center,Active,1610612742,Mavericks,DAL,mavericks,Dallas,salah_mejri,2015,2018,Y,Y,Y,Undrafted,Undrafted,Undrafted,218.0,107.0
1626156,D'Angelo,Russell,D'Angelo Russell,"Russell, D'Angelo",D. Russell,1996-02-23T00:00:00,Ohio State,USA,Ohio State/USA,6-4,193,4,0,Guard,Active,1610612744,Warriors,GSW,warriors,Golden State,d'angelo_russell,2015,2019,N,Y,Y,2015,1,2,193.0,88.0
1629109,Gary,Clark,Gary Clark,"Clark, Gary",G. Clark,1994-11-16T00:00:00,Cincinnati,USA,University of Cincinnati/USA,6-6,225,1,6,Forward,Active,1610612745,Rockets,HOU,rockets,Houston,gary_clark,2018,2019,Y,Y,Y,Undrafted,Undrafted,Undrafted,198.0,102.0
201942,DeMar,DeRozan,DeMar DeRozan,"DeRozan, DeMar",D. DeRozan,1989-08-07T00:00:00,USC,USA,USC/USA,6-6,220,10,10,Guard-Forward,Active,1610612759,Spurs,SAS,spurs,San Antonio,demar_derozan,2009,2019,N,Y,Y,2009,1,9,198.0,100.0
1628467,Maxi,Kleber,Maxi Kleber,"Kleber, Maxi",M. Kleber,1992-01-29T00:00:00, ,Germany,Germany/Germany,6-10,240,2,42,Forward,Active,1610612742,Mavericks,DAL,mavericks,Dallas,maxi_kleber,2017,2019,N,Y,Y,Undrafted,Undrafted,Undrafted,208.0,109.0
1628381,John,Collins,John Collins,"Collins, John",J. Collins,1997-09-23T00:00:00,Wake Forest,USA,Wake Forest/USA,6-9,235,2,20,Forward,Active,1610612737,Hawks,ATL,hawks,Atlanta,john_collins,2017,2019,N,Y,Y,2017,1,19,206.0,107.0
201587,Nicolas,Batum,Nicolas Batum,"Batum, Nicolas",N. Batum,1988-12-14T00:00:00, ,France,Le Mans/France,6-9,230,11,5,Guard-Forward,Active,1610612766,Hornets,CHA,hornets,Charlotte,nicolas_batum,2008,2019,N,Y,Y,2008,1,25,206.0,104.0
200768,Kyle,Lowry,Kyle Lowry,"Lowry, Kyle",K. Lowry,1986-03-25T00:00:00,Villanova,USA,Villanova/USA,6-0,196,13,7,Guard,Active,1610612761,Raptors,TOR,raptors,Toronto,kyle_lowry,2006,2019,N,Y,Y,2006,1,24,183.0,89.0
201144,Mike,Conley,Mike Conley,"Conley, Mike",M. Conley,1987-10-11T00:00:00,Ohio State,USA,Ohio State/USA,6-1,175,12,10,Guard,Active,1610612762,Jazz,UTA,jazz,Utah,mike_conley,2007,2019,N,Y,Y,2007,1,4,185.0,79.0
1629019,Allonzo,Trier,Allonzo Trier,"Trier, Allonzo",A. Trier,1996-01-17T00:00:00,Arizona,USA,University of Arizona/USA,6-4,200,1,14,Guard,Active,1610612752,Knicks,NYK,knicks,New York,allonzo_trier,2018,2019,N,Y,Y,Undrafted,Undrafted,Undrafted,193.0,91.0
1628978,Donte,DiVincenzo,Donte DiVincenzo,"DiVincenzo, Donte",D. DiVincenzo,1997-01-31T00:00:00,Villanova,USA,Villanova University/USA,6-4,203,1,0,Guard,Active,1610612749,Bucks,MIL,bucks,Milwaukee,donte_divincenzo,2018,2019,Y,Y,Y,2018,1,17,193.0,92.0
201145,Jeff,Green,Jeff Green,"Green, Jeff",J. Green,1986-08-28T00:00:00,Georgetown,USA,Georgetown/USA,6-8,235,11,22,Forward,Active,1610612762,Jazz,UTA,jazz,Utah,jeff_green,2007,2019,N,Y,Y,2007,1,5,203.0,107.0
1627782,Wayne,Selden,Wayne Selden,"Selden, Wayne",W. Selden,1994-09-30T00:00:00,Kansas,USA,Kansas/USA,6-5,230,3,14,Guard-Forward,Active,1610612741,Bulls,CHI,bulls,Chicago,wayne_selden,2016,2018,Y,Y,Y,Undrafted,Undrafted,Undrafted,196.0,104.0
202689,Kemba,Walker,Kemba Walker,"Walker, Kemba",K. Walker,1990-05-08T00:00:00,Connecticut,USA,Connecticut/USA,6-0,184,8,8,Guard,Active,1610612738,Celtics,BOS,celtics,Boston,kemba_walker,2011,2019,N,Y,Y,2011,1,9,183.0,83.0
1628421,Devin,Robinson,Devin Robinson,"Robinson, Devin",D. Robinson,1995-03-07T00:00:00,Florida,USA,Florida/USA,6-8,200,2,7,Forward,Active,1610612764,Wizards,WAS,wizards,Washington,devin_robinson,2017,2018,Y,Y,Y,Undrafted,Undrafted,Undrafted,203.0,91.0
201566,Russell,Westbrook,Russell Westbrook,"Westbrook, Russell",R. Westbrook,1988-11-12T00:00:00,UCLA,USA,UCLA/USA,6-3,200,11,0,Guard,Active,1610612745,Rockets,HOU,rockets,Houston,russell_westbrook,2008,2019,N,Y,Y,2008,1,4,190.0,91.0
203468,CJ,McCollum,CJ McCollum,"McCollum, CJ",C. McCollum,1991-09-19T00:00:00,Lehigh,USA,Lehigh/USA,6-3,190,6,3,Guard,Active,1610612757,Trail Blazers,POR,blazers,Portland,cj_mccollum,2013,2019,Y,Y,Y,2013,1,10,190.0,86.0
203200,Justin,Holiday,Justin Holiday,"Holiday, Justin",J. Holiday,1989-04-05T00:00:00,Washington,USA,Washington/USA,6-6,180,6,8,Forward-Guard,Active,1610612754,Pacers,IND,pacers,Indiana,justin_holiday,2012,2019,Y,Y,Y,Undrafted,Undrafted,Undrafted,198.0,82.0
203210,JaMychal,Green,JaMychal Green,"Green, JaMychal",J. Green,1990-06-21T00:00:00,Alabama,USA,Alabama/USA,6-8,227,5,4,Forward-Center,Active,1610612746,Clippers,LAC,clippers,LA,jamychal_green,2014,2019,Y,Y,Y,Undrafted,Undrafted,Undrafted,203.0,103.0
201961,Wayne,Ellington,Wayne Ellington,"Ellington, Wayne",W. Ellington,1987-11-29T00:00:00,North Carolina,USA,North Carolina/USA,6-4,207,10,2,Guard,Active,1610612752,Knicks,NYK,knicks,New York,wayne_ellington,2009,2019,N,Y,Y,2009,1,28,193.0,94.0
202734,E'Twaun,Moore,E'Twaun Moore,"Moore, E'Twaun",E. Moore,1989-02-25T00:00:00,Purdue,USA,Purdue/USA,6-3,191,8,55,Guard,Active,1610612740,Pelicans,NOP,pelicans,New Orleans,e'twaun_moore,2011,2019,N,Y,Y,2011,2,55,190.0,87.0
2772,Trevor,Ariza,Trevor Ariza,"Ariza, Trevor",T. Ariza,1985-06-30T00:00:00,UCLA,USA,UCLA/USA,6-8,215,15,0,Forward,Active,1610612758,Kings,SAC,kings,Sacramento,trevor_ariza,2004,2019,N,Y,Y,2004,2,43,203.0,98.0
1628995,Kevin,Knox II,Kevin Knox II,"Knox II, Kevin",K. Knox II,1999-08-11T00:00:00,Kentucky,USA,University of Kentucky/USA,6-7,215,1,20,Forward,Active,1610612752,Knicks,NYK,knicks,New York,kevin_knox,2018,2019,N,Y,Y,2018,1,9,201.0,98.0
1626209,Mario,Hezonja,Mario Hezonja,"Hezonja, Mario",M. Hezonja,1995-02-25T00:00:00, ,Croatia,FC Barcelona/Croatia,6-8,220,4,44,Forward-Guard,Active,1610612757,Trail Blazers,POR,blazers,Portland,mario_hezonja,2015,2019,N,Y,Y,2015,1,5,203.0,100.0
1628422,Damyean,Dotson,Damyean Dotson,"Dotson, Damyean",D. Dotson,1994-05-06T00:00:00,Houston,USA,Houston/USA,6-5,210,2,21,Guard,Active,1610612752,Knicks,NYK,knicks,New York,damyean_dotson,2017,2019,Y,Y,Y,2017,2,44,196.0,95.0
1626224,Cedi,Osman,Cedi Osman,"Osman, Cedi",C. Osman,1995-04-08T00:00:00, ,Turkey,Anadolu Efes/Turkey,6-7,230,2,16,Forward,Active,1610612739,Cavaliers,CLE,cavaliers,Cleveland,cedi_osman,2017,2019,Y,Y,Y,2015,2,31,201.0,104.0
1627783,Pascal,Siakam,Pascal Siakam,"Siakam, Pascal",P. Siakam,1994-04-02T00:00:00,New Mexico State,Cameroon,New Mexico State/Cameroon,6-9,230,3,43,Forward,Active,1610612761,Raptors,TOR,raptors,Toronto,pascal_siakam,2016,2019,Y,Y,Y,2016,1,27,206.0,104.0
201960,DeMarre,Carroll,DeMarre Carroll,"Carroll, DeMarre",D. Carroll,1986-07-27T00:00:00,Missouri,USA,Missouri/USA,6-6,215,10,77,Forward,Active,1610612759,Spurs,SAS,spurs,San Antonio,demarre_carroll,2009,2019,Y,Y,Y,2009,1,27,198.0,98.0
201954,Darren,Collison,Darren Collison,"Collison, Darren",D. Collison,1987-08-23T00:00:00,UCLA,USA,UCLA/USA,6-0,175,10,2,Guard,Active,1610612754,Pacers,IND,pacers,Indiana,darren_collison,2009,2018,N,Y,Y,2009,1,21,183.0,79.0
203084,Harrison,Barnes,Harrison Barnes,"Barnes, Harrison",H. Barnes,1992-05-30T00:00:00,North Carolina,USA,North Carolina/USA,6-8,225,7,40,Forward,Active,1610612758,Kings,SAC,kings,Sacramento,harrison_barnes,2012,2019,N,Y,Y,2012,1,7,203.0,102.0
1628462,Milos,Teodosic,Milos Teodosic,"Teodosic, Milos",M. Teodosic,1987-03-19T00:00:00, ,Serbia, Serbia/Serbia,,,1,,,Inactive,0,,,,,milos_teodosic,2017,2018,N,Y,Y,Undrafted,Undrafted,Undrafted,,
203486,Mason,Plumlee,Mason Plumlee,"Plumlee, Mason",M. Plumlee,1990-03-05T00:00:00,Duke,USA,Duke/USA,6-11,254,6,24,Forward-Center,Active,1610612743,Nuggets,DEN,nuggets,Denver,mason_plumlee,2013,2019,N,Y,Y,2013,1,22,211.0,115.0
1628374,Lauri,Markkanen,Lauri Markkanen,"Markkanen, Lauri",L. Markkanen,1997-05-22T00:00:00,Arizona,Finland,Arizona/Finland,7-0,240,2,24,Forward-Center,Active,1610612741,Bulls,CHI,bulls,Chicago,lauri_markkanen,2017,2019,N,Y,Y,2017,1,7,213.0,109.0
200826,J.J.,Barea,J.J. Barea,"Barea, J.J.",J. Barea,1984-06-26T00:00:00,Northeastern,Puerto Rico,Northeastern/Puerto Rico,5-10,180,13,5,Guard,Active,1610612742,Mavericks,DAL,mavericks,Dallas,j.j._barea,2006,2019,Y,Y,Y,Undrafted,Undrafted,Undrafted,178.0,82.0
202083,Wesley,Matthews,Wesley Matthews,"Matthews, Wesley",W. Matthews,1986-10-14T00:00:00,Marquette,USA,Marquette/USA,6-4,220,10,9,Guard,Active,1610612749,Bucks,MIL,bucks,Milwaukee,wesley_matthews,2009,2019,N,Y,Y,Undrafted,Undrafted,Undrafted,193.0,100.0
203552,Seth,Curry,Seth Curry,"Curry, Seth",S. Curry,1990-08-23T00:00:00,Duke,USA,DukeUSA/USA,6-2,185,6,30,Guard,Active,1610612742,Mavericks,DAL,mavericks,Dallas,seth_curry,2013,2019,Y,Y,Y,Undrafted,Undrafted,Undrafted,188.0,84.0
203107,Tomas,Satoransky,Tomas Satoransky,"Satoransky, Tomas",T. Satoransky,1991-10-30T00:00:00, ,Czech Republic, Czech Republic/Czech Republic,6-7,210,3,31,Guard,Active,1610612741,Bulls,CHI,bulls,Chicago,tomas_satoransky,2016,2019,N,Y,Y,2012,2,32,201.0,95.0
204456,T.J.,McConnell,T.J. McConnell,"McConnell, T.J.",T. McConnell,1992-03-25T00:00:00,Arizona,USA,Arizona/USA,6-1,190,4,9,Guard,Active,1610612754,Pacers,IND,pacers,Indiana,t.j._mcconnell,2015,2019,N,Y,Y,Undrafted,Undrafted,Undrafted,185.0,86.0
203922,Glenn,Robinson III,Glenn Robinson III,"Robinson III, Glenn",G. Robinson III,1994-01-08T00:00:00,Michigan,USA,Michigan/USA,6-6,222,5,22,Forward,Active,1610612744,Warriors,GSW,warriors,Golden State,glenn_robinson iii,2014,2019,Y,Y,Y,2014,2,40,198.0,101.0
201565,Derrick,Rose,Derrick Rose,"Rose, Derrick",D. Rose,1988-10-04T00:00:00,Memphis,USA,Memphis/USA,6-2,200,11,25,Guard,Active,1610612765,Pistons,DET,pistons,Detroit,derrick_rose,2008,2019,N,Y,Y,2008,1,1,188.0,91.0
1629151,Ryan,Broekhoff,Ryan Broekhoff,"Broekhoff, Ryan",R. Broekhoff,1990-08-23T00:00:00,Valparaiso,Australia,Australia/Australia,6-6,215,1,45,Guard-Forward,Active,1610612742,Mavericks,DAL,mavericks,Dallas,ryan_broekhoff,2018,2019,N,Y,Y,Undrafted,Undrafted,Undrafted,198.0,98.0
202327,Ekpe,Udoh,Ekpe Udoh,"Udoh, Ekpe",E. Udoh,1987-05-20T00:00:00,Baylor,USA,Baylor/USA,6-10,245,7,33,Center-Forward,Active,1610612762,Jazz,UTA,jazz,Utah,ekpe_udoh,2010,2018,N,Y,Y,2010,1,6,208.0,111.0
1627863,Danuel,House Jr.,Danuel House Jr.,"House Jr., Danuel",D. House Jr.,1993-06-07T00:00:00,Texas A&M,USA,Texas A&M/USA,6-6,220,3,4,Forward-Guard,Active,1610612745,Rockets,HOU,rockets,Houston,danuel_house,2016,2019,Y,Y,Y,Undrafted,Undrafted,Undrafted,198.0,100.0
101107,Marvin,Williams,Marvin Williams,"Williams, Marvin",M. Williams,1986-06-19T00:00:00,North Carolina,USA,North CarolinaUSA/USA,6-8,237,14,2,Forward,Active,1610612766,Hornets,CHA,hornets,Charlotte,marvin_williams,2005,2019,N,Y,Y,2005,1,2,203.0,108.0
1628988,Aaron,Holiday,Aaron Holiday,"Holiday, Aaron",A. Holiday,1996-09-30T00:00:00,UCLA,USA,UCLA/USA,6-0,185,1,3,Guard,Active,1610612754,Pacers,IND,pacers,Indiana,aaron_holiday,2018,2019,N,Y,Y,2018,1,23,183.0,84.0
1628416,Tyler,Dorsey,Tyler Dorsey,"Dorsey, Tyler",T. Dorsey,1996-02-18T00:00:00,Oregon,USA,Oregon/USA,6-5,183,2,22,Guard,Active,1610612763,Grizzlies,MEM,grizzlies,Memphis,tyler_dorsey,2017,2018,Y,Y,Y,2017,2,41,196.0,83.0
1628464,Daniel,Theis,Daniel Theis,"Theis, Daniel",D. Theis,1992-04-04T00:00:00, ,Germany,Germany/Germany,6-8,245,2,27,Forward-Center,Active,1610612738,Celtics,BOS,celtics,Boston,daniel_theis,2017,2019,N,Y,Y,Undrafted,Undrafted,Undrafted,203.0,111.0
202704,Reggie,Jackson,Reggie Jackson,"Jackson, Reggie",R. Jackson,1990-04-16T00:00:00,Boston College,USA,Boston College/USA,6-3,208,8,1,Guard,Active,1610612765,Pistons,DET,pistons,Detroit,reggie_jackson,2011,2019,Y,Y,Y,2011,1,24,190.0,94.0
201980,Danny,Green,Danny Green,"Green, Danny",D. Green,1987-06-22T00:00:00,North Carolina,USA,North Carolina/USA,6-6,215,10,14,Guard,Active,1610612747,Lakers,LAL,lakers,Los Angeles,danny_green,2009,2019,Y,Y,Y,2009,2,46,198.0,98.0
101141,Ersan,Ilyasova,Ersan Ilyasova,"Ilyasova, Ersan",E. Ilyasova,1987-05-15T00:00:00, ,Turkey,FC Barcelona/Turkey,6-9,235,11,7,Forward,Active,1610612749,Bucks,MIL,bucks,Milwaukee,ersan_ilyasova,2006,2019,Y,Y,Y,2005,2,36,206.0,107.0
203937,Kyle,Anderson,Kyle Anderson,"Anderson, Kyle",K. Anderson,1993-09-20T00:00:00,UCLA,USA,UCLA/USA,6-9,230,5,1,Forward-Guard,Active,1610612763,Grizzlies,MEM,grizzlies,Memphis,kyle_anderson,2014,2019,Y,Y,Y,2014,1,30,206.0,104.0
201568,Danilo,Gallinari,Danilo Gallinari,"Gallinari, Danilo",D. Gallinari,1988-08-08T00:00:00, ,Italy,Olimpia Milano/Italy,6-10,233,11,8,Forward,Active,1610612760,Thunder,OKC,thunder,Oklahoma City,danilo_gallinari,2008,2019,N,Y,Y,2008,1,6,208.0,106.0
101112,Channing,Frye,Channing Frye,"Frye, Channing",C. Frye,1983-05-17T00:00:00,Arizona,USA,Arizona/USA,7-0,255,13,9,Forward-Center,Active,1610612739,Cavaliers,CLE,cavaliers,Cleveland,channing_frye,2005,2018,N,Y,Y,2005,1,8,213.0,116.0
1627748,Thon,Maker,Thon Maker,"Maker, Thon",T. Maker,1997-02-25T00:00:00, ,South Sudan,South Sudan/South Sudan,7-0,221,3,7,Forward-Center,Active,1610612765,Pistons,DET,pistons,Detroit,thon_maker,2016,2019,N,Y,Y,2016,1,10,213.0,100.0
2734,Devin,Harris,Devin Harris,"Harris, Devin",D. Harris,1983-02-27T00:00:00,Wisconsin,USA,Wisconsin/USA,6-3,185,15,34,Guard,Active,1610612742,Mavericks,DAL,mavericks,Dallas,devin_harris,2004,2018,N,Y,Y,2004,1,5,190.0,84.0
201949,James,Johnson,James Johnson,"Johnson, James",J. Johnson,1987-02-20T00:00:00,Wake Forest,USA,Wake Forest/USA,6-7,240,10,16,Forward,Active,1610612748,Heat,MIA,heat,Miami,james_johnson,2009,2019,Y,Y,Y,2009,1,16,201.0,109.0
1628420,Monte,Morris,Monte Morris,"Morris, Monte",M. Morris,1995-06-27T00:00:00,Iowa State,USA,Iowa State/USA,6-2,183,2,11,Guard,Active,1610612743,Nuggets,DEN,nuggets,Denver,monte_morris,2017,2019,Y,Y,Y,2017,2,51,188.0,83.0
1628470,Torrey,Craig,Torrey Craig,"Craig, Torrey",T. Craig,1990-12-19T00:00:00,South Carolina Upstate,USA,South Carolina Upstate/USA,6-7,221,2,3,Forward,Active,1610612743,Nuggets,DEN,nuggets,Denver,torrey_craig,2017,2019,Y,Y,Y,Undrafted,Undrafted,Undrafted,201.0,100.0
200757,Thabo,Sefolosha,Thabo Sefolosha,"Sefolosha, Thabo",T. Sefolosha,1984-05-02T00:00:00, ,Switzerland,Angelico Biella/Switzerland,6-6,215,13,18,Forward-Guard,Active,1610612745,Rockets,HOU,rockets,Houston,thabo_sefolosha,2006,2019,N,Y,Y,2006,1,13,198.0,98.0
1628367,Josh,Jackson,Josh Jackson,"Jackson, Josh",J. Jackson,1997-02-10T00:00:00,Kansas,USA,Kansas/USA,6-8,207,2,20,Guard-Forward,Active,1610612763,Grizzlies,MEM,grizzlies,Memphis,josh_jackson,2017,2019,Y,Y,Y,2017,1,4,203.0,94.0
1627767,Cheick,Diallo,Cheick Diallo,"Diallo, Cheick",C. Diallo,1996-09-13T00:00:00,Kansas,Mali,Kansas/Mali,6-8,219,3,14,Forward-Center,Active,1610612756,Suns,PHX,suns,Phoenix,cheick_diallo,2016,2019,Y,Y,Y,2016,2,33,203.0,99.0
203121,Darius,Miller,Darius Miller,"Miller, Darius",D. Miller,1990-03-21T00:00:00,Kentucky,USA,Kentucky/USA,6-6,225,5,21,Forward,Active,1610612740,Pelicans,NOP,pelicans,New Orleans,darius_miller,2012,2019,Y,Y,Y,2012,2,46,198.0,102.0
203585,Rodney,McGruder,Rodney McGruder,"McGruder, Rodney",R. McGruder,1991-07-29T00:00:00,Kansas State,USA,Kansas State/USA,6-4,205,3,19,Guard,Active,1610612746,Clippers,LAC,clippers,LA,rodney_mcgruder,2016,2019,Y,Y,Y,Undrafted,Undrafted,Undrafted,193.0,93.0
1626155,Sam,Dekker,Sam Dekker,"Dekker, Sam",S. Dekker,1994-05-06T00:00:00,Wisconsin,USA,Wisconsin/USA,6-9,230,4,8,Forward,Active,1610612764,Wizards,WAS,wizards,Washington,sam_dekker,2015,2018,Y,Y,Y,2015,1,18,206.0,104.0
2548,Dwyane,Wade,Dwyane Wade,"Wade, Dwyane",D. Wade,1982-01-17T00:00:00,Marquette,USA,Marquette/USA,6-4,220,16,3,Guard,Active,1610612748,Heat,MIA,heat,Miami,dwyane_wade,2003,2018,N,Y,Y,2003,1,5,193.0,100.0
201585,Kosta,Koufos,Kosta Koufos,"Koufos, Kosta",K. Koufos,1989-02-24T00:00:00,Ohio State,USA,Ohio State/USA,7-0,245,11,41,Center,Active,1610612758,Kings,SAC,kings,Sacramento,kosta_koufos,2008,2018,Y,Y,Y,2008,1,23,213.0,111.0
1627826,Ivica,Zubac,Ivica Zubac,"Zubac, Ivica",I. Zubac,1997-03-18T00:00:00, ,Croatia,Mega Leks/Croatia,7-0,240,3,40,Center,Active,1610612746,Clippers,LAC,clippers,LA,ivica_zubac,2016,2019,Y,Y,Y,2016,2,32,213.0,109.0
203482,Kelly,Olynyk,Kelly Olynyk,"Olynyk, Kelly",K. Olynyk,1991-04-19T00:00:00,Gonzaga,Canada,Gonzaga/Canada,6-11,240,6,9,Forward-Center,Active,1610612748,Heat,MIA,heat,Miami,kelly_olynyk,2013,2019,N,Y,Y,2013,1,13,211.0,109.0
1628425,Sterling,Brown,Sterling Brown,"Brown, Sterling",S. Brown,1995-02-10T00:00:00,Southern Methodist,USA,Southern Methodist/USA,6-5,219,2,23,Guard-Forward,Active,1610612749,Bucks,MIL,bucks,Milwaukee,sterling_brown,2017,2019,Y,Y,Y,2017,2,46,196.0,99.0
204020,Tyler,Johnson,Tyler Johnson,"Johnson, Tyler",T. Johnson,1992-05-07T00:00:00,Fresno State,USA,Fresno State/USA,6-3,186,5,16,Guard,Active,1610612756,Suns,PHX,suns,Phoenix,tyler_johnson,2014,2019,Y,Y,Y,Undrafted,Undrafted,Undrafted,190.0,84.0
200765,Rajon,Rondo,Rajon Rondo,"Rondo, Rajon",R. Rondo,1986-02-22T00:00:00,Kentucky,USA,Kentucky/USA,6-1,180,13,9,Guard,Active,1610612747,Lakers,LAL,lakers,Los Angeles,rajon_rondo,2006,2019,N,Y,Y,2006,1,21,185.0,82.0
203145,Kent,Bazemore,Kent Bazemore,"Bazemore, Kent",K. Bazemore,1989-07-01T00:00:00,Old Dominion,USA,Old Dominion/USA,6-4,195,7,24,Guard-Forward,Active,1610612757,Trail Blazers,POR,blazers,Portland,kent_bazemore,2012,2019,Y,Y,Y,Undrafted,Undrafted,Undrafted,193.0,88.0
201162,Jared,Dudley,Jared Dudley,"Dudley, Jared",J. Dudley,1985-07-10T00:00:00,Boston College,USA,Boston College/USA,6-6,237,12,10,Forward,Active,1610612747,Lakers,LAL,lakers,Los Angeles,jared_dudley,2007,2019,N,Y,Y,2007,1,22,198.0,108.0
203897,Zach,LaVine,Zach LaVine,"LaVine, Zach",Z. LaVine,1995-03-10T00:00:00,UCLA,USA,UCLA/USA,6-6,200,5,8,Guard-Forward,Active,1610612741,Bulls,CHI,bulls,Chicago,zach_lavine,2014,2019,N,Y,Y,2014,1,13,198.0,91.0
1629001,De'Anthony,Melton,De'Anthony Melton,"Melton, De'Anthony",D. Melton,1998-05-28T00:00:00,USC,USA,Southern California/USA,6-2,200,1,0,Guard,Active,1610612763,Grizzlies,MEM,grizzlies,Memphis,deanthony_melton,2018,2019,Y,Y,Y,2018,2,46,188.0,91.0
2037,Jamal,Crawford,Jamal Crawford,"Crawford, Jamal",J. Crawford,1980-03-20T00:00:00,Michigan,USA,Michigan/USA,6-5,185,19,11,Guard,Active,1610612756,Suns,PHX,suns,Phoenix,jamal_crawford,2000,2018,N,Y,Y,2000,1,8,196.0,84.0
1627820,Tyrone,Wallace,Tyrone Wallace,"Wallace, Tyrone",T. Wallace,1994-06-10T00:00:00,California,USA,California/USA,6-5,198,2,8,Guard,Active,1610612737,Hawks,ATL,hawks,Atlanta,tyrone_wallace,2017,2019,Y,Y,Y,2016,2,60,196.0,90.0
1628413,Jonah,Bolden,Jonah Bolden,"Bolden, Jonah",J. Bolden,1996-01-02T00:00:00,UCLA,Australia,Australia/Australia,6-8,225,1,43,Forward,Active,1610612755,76ers,PHI,sixers,Philadelphia,jonah_bolden,2018,2019,Y,Y,Y,2017,2,36,203.0,102.0
1626245,Cristiano,Felicio,Cristiano Felicio,"Felicio, Cristiano",C. Felicio,1992-07-07T00:00:00, ,Brazil,Brazil/Brazil,6-10,270,4,6,Forward-Center,Active,1610612741,Bulls,CHI,bulls,Chicago,cristiano_felicio,2015,2019,Y,Y,Y,Undrafted,Undrafted,Undrafted,208.0,122.0
1628411,Wes,Iwundu,Wes Iwundu,"Iwundu, Wes",W. Iwundu,1994-12-20T00:00:00,Kansas State,USA,Kansas State/USA,6-6,195,2,25,Forward,Active,1610612753,Magic,ORL,magic,Orlando,wes_iwundu,2017,2019,Y,Y,Y,2017,2,33,198.0,88.0
1627739,Kris,Dunn,Kris Dunn,"Dunn, Kris",K. Dunn,1994-03-18T00:00:00,Providence,USA,Providence/USA,6-3,205,3,32,Guard,Active,1610612741,Bulls,CHI,bulls,Chicago,kris_dunn,2016,2019,N,Y,Y,2016,1,5,190.0,93.0
202323,Evan,Turner,Evan Turner,"Turner, Evan",E. Turner,1988-10-27T00:00:00,Ohio State,USA,Ohio State/USA,6-6,220,9,1,Guard-Forward,Active,1610612737,Hawks,ATL,hawks,Atlanta,evan_turner,2010,2019,N,Y,Y,2010,1,2,198.0,100.0
203952,Andrew,Wiggins,Andrew Wiggins,"Wiggins, Andrew",A. Wiggins,1995-02-23T00:00:00,Kansas,Canada,Kansas/Canada,6-7,197,5,22,Forward,Active,1610612750,Timberwolves,MIN,timberwolves,Minnesota,andrew_wiggins,2014,2019,N,Y,Y,2014,1,1,201.0,89.0
201563,Michael,Beasley,Michael Beasley,"Beasley, Michael",M. Beasley,1989-01-09T00:00:00,Kansas State,USA,Kansas State/USA,,,10,,,Inactive,0,,,,,michael_beasley,2008,2018,N,Y,Y,2008,1,2,,
1629021,Moritz,Wagner,Moritz Wagner,"Wagner, Moritz",M. Wagner,1997-04-26T00:00:00,Michigan,Germany,University of Michigan/Germany,6-11,245,1,21,Forward-Center,Active,1610612764,Wizards,WAS,wizards,Washington,moritz_wagner,2018,2019,Y,Y,Y,2018,1,25,211.0,111.0
2403,Nene,Hilario,Nene,Nene,Nene,1982-09-13T00:00:00, ,Brazil,Vasco de Gama/Brazil,6-11,250,17,42,Center-Forward,Active,1610612745,Rockets,HOU,rockets,Houston,nene_hilario,2002,2019,N,Y,Y,2002,1,7,211.0,113.0
1627736,Malik,Beasley,Malik Beasley,"Beasley, Malik",M. Beasley,1996-11-26T00:00:00,Florida State,USA,Florida State/USA,6-4,187,3,25,Guard,Active,1610612743,Nuggets,DEN,nuggets,Denver,malik_beasley,2016,2019,Y,Y,Y,2016,1,19,193.0,85.0
1626181,Norman,Powell,Norman Powell,"Powell, Norman",N. Powell,1993-05-25T00:00:00,UCLA,USA,UCLA/USA,6-3,215,4,24,Guard,Active,1610612761,Raptors,TOR,raptors,Toronto,norman_powell,2015,2019,Y,Y,Y,2015,2,46,190.0,98.0
1628385,Harry,Giles III,Harry Giles III,"Giles III, Harry",H. Giles III,1998-04-22T00:00:00,Duke,USA,Duke/USA,6-11,240,1,20,Forward-Center,Active,1610612758,Kings,SAC,kings,Sacramento,harry_giles,2017,2019,Y,Y,Y,2017,1,20,211.0,109.0
203903,Jordan,Clarkson,Jordan Clarkson,"Clarkson, Jordan",J. Clarkson,1992-06-07T00:00:00,Missouri,USA,Missouri/USA,6-4,194,5,8,Guard,Active,1610612739,Cavaliers,CLE,cavaliers,Cleveland,jordan_clarkson,2014,2019,Y,Y,Y,2014,2,46,193.0,88.0
101181,Jose,Calderon,Jose Calderon,"Calderon, Jose",J. Calderon,1981-09-28T00:00:00, ,Spain,Tau Ceramica/Spain,6-3,200,14,81,Guard,Active,1610612765,Pistons,DET,pistons,Detroit,jose_calderon,2005,2018,N,Y,Y,Undrafted,Undrafted,Undrafted,190.0,91.0
203463,Ben,McLemore,Ben McLemore,"McLemore, Ben",B. McLemore,1993-02-11T00:00:00,Kansas,USA,Kansas/USA,6-3,195,6,16,Guard,Active,1610612745,Rockets,HOU,rockets,Houston,ben_mclemore,2013,2019,Y,Y,Y,2013,1,7,190.0,88.0
1628379,Luke,Kennard,Luke Kennard,"Kennard, Luke",L. Kennard,1996-06-24T00:00:00,Duke,USA,Duke/USA,6-5,206,2,5,Guard,Active,1610612765,Pistons,DET,pistons,Detroit,luke_kennard,2017,2019,Y,Y,Y,2017,1,12,196.0,93.0
1627763,Malcolm,Brogdon,Malcolm Brogdon,"Brogdon, Malcolm",M. Brogdon,1992-12-11T00:00:00,Virginia,USA,Virginia/USA,6-5,229,3,7,Guard,Active,1610612754,Pacers,IND,pacers,Indiana,malcolm_brogdon,2016,2019,N,Y,Y,2016,2,36,196.0,104.0
1628436,Luke,Kornet,Luke Kornet,"Kornet, Luke",L. Kornet,1995-07-15T00:00:00,Vanderbilt,USA,Vanderbilt/USA,7-2,250,2,2,Forward-Center,Active,1610612741,Bulls,CHI,bulls,Chicago,luke_kornet,2017,2019,Y,Y,Y,Undrafted,Undrafted,Undrafted,218.0,113.0
1626166,Cameron,Payne,Cameron Payne,"Payne, Cameron",C. Payne,1994-08-08T00:00:00,Murray State,USA,Murray State/USA,,,4,,,Inactive,0,,,,,cameron_payne,2015,2018,Y,Y,Y,2015,1,14,,
1629016,Omari,Spellman,Omari Spellman,"Spellman, Omari",O. Spellman,1997-07-21T00:00:00,Villanova,USA,Villanova University/USA,6-8,245,1,4,Forward,Active,1610612744,Warriors,GSW,warriors,Golden State,omari_spellman,2018,2019,Y,Y,Y,2018,1,30,203.0,111.0
203115,Will,Barton,Will Barton,"Barton, Will",W. Barton,1991-01-06T00:00:00,Memphis,USA,Memphis/USA,6-5,181,7,5,Guard,Active,1610612743,Nuggets,DEN,nuggets,Denver,will_barton,2012,2019,Y,Y,Y,2012,2,40,196.0,82.0
1628975,Jevon,Carter,Jevon Carter,"Carter, Jevon",J. Carter,1995-09-14T00:00:00,West Virginia,USA,West Virginia University/USA,6-1,200,1,4,Guard,Active,1610612756,Suns,PHX,suns,Phoenix,jevon_carter,2018,2019,Y,Y,Y,2018,2,32,185.0,91.0
202722,Davis,Bertans,Davis Bertans,"Bertans, Davis",D. Bertans,1992-11-12T00:00:00, ,Latvia, Latvia/Latvia,6-10,225,3,42,Forward,Active,1610612764,Wizards,WAS,wizards,Washington,davis_bertans,2016,2019,Y,Y,Y,2011,2,42,208.0,102.0
202694,Marcus,Morris Sr.,Marcus Morris Sr.,"Morris Sr., Marcus",M. Morris Sr.,1989-09-02T00:00:00,Kansas,USA,Kansas/USA,6-8,218,8,13,Forward,Active,1610612752,Knicks,NYK,knicks,New York,marcus_morris,2011,2019,Y,Y,Y,2011,1,14,203.0,99.0
202326,DeMarcus,Cousins,DeMarcus Cousins,"Cousins, DeMarcus",D. Cousins,1990-08-13T00:00:00,Kentucky,USA,Kentucky/USA,6-10,270,9,15,Center,Active,1610612747,Lakers,LAL,lakers,Los Angeles,demarcus_cousins,2010,2019,N,Y,Y,2010,1,5,208.0,122.0
1626220,Royce,O'Neale,Royce O'Neale,"O'Neale, Royce",R. O'Neale,1993-06-05T00:00:00,Baylor,USA,Baylor/USA,6-4,226,2,23,Forward,Active,1610612762,Jazz,UTA,jazz,Utah,royce_o'neale,2017,2019,Y,Y,Y,Undrafted,Undrafted,Undrafted,193.0,103.0
1628397,Ivan,Rabb,Ivan Rabb,"Rabb, Ivan",I. Rabb,1997-02-04T00:00:00,"University of California, Berkeley",USA,California/USA,6-10,220,2,10,Forward-Center,Active,1610612752,Knicks,NYK,knicks,New York,ivan_rabb,2017,2019,Y,Y,Y,2017,2,35,208.0,100.0
1628395,Jordan,Bell,Jordan Bell,"Bell, Jordan",J. Bell,1995-01-07T00:00:00,Oregon,USA,Oregon/USA,6-8,216,2,7,Forward,Active,1610612750,Timberwolves,MIN,timberwolves,Minnesota,jordan_bell,2017,2019,Y,Y,Y,2017,2,38,203.0,98.0
201149,Joakim,Noah,Joakim Noah,"Noah, Joakim",J. Noah,1985-02-25T00:00:00,Florida,USA,Florida/USA,6-11,230,12,55,Center,Active,1610612763,Grizzlies,MEM,grizzlies,Memphis,joakim_noah,2007,2018,Y,Y,Y,2007,1,9,211.0,104.0
203918,Rodney,Hood,Rodney Hood,"Hood, Rodney",R. Hood,1992-10-20T00:00:00,Duke,USA,Duke/USA,6-8,208,5,5,Guard-Forward,Active,1610612757,Trail Blazers,POR,blazers,Portland,rodney_hood,2014,2019,N,Y,Y,2014,1,23,203.0,94.0
1627780,Gary,Payton II,Gary Payton II,"Payton II, Gary",G. Payton II,1992-12-01T00:00:00,Oregon State,USA,Oregon State/USA,,,2,,,Inactive,0,,,,,gary_payton ii,2016,2018,Y,Y,Y,Undrafted,Undrafted,Undrafted,,
1626169,Stanley,Johnson,Stanley Johnson,"Johnson, Stanley",S. Johnson,1996-05-29T00:00:00,Arizona,USA,Arizona/USA,6-6,242,4,5,Forward-Guard,Active,1610612761,Raptors,TOR,raptors,Toronto,stanley_johnson,2015,2019,Y,Y,Y,2015,1,8,198.0,110.0
1628402,Frank,Jackson,Frank Jackson,"Jackson, Frank",F. Jackson,1998-05-04T00:00:00,Duke,USA,Duke/USA,6-3,205,1,15,Guard,Active,1610612740,Pelicans,NOP,pelicans,New Orleans,frank_jackson,2017,2019,Y,Y,Y,2017,2,31,190.0,93.0
1629026,Kenrich,Williams,Kenrich Williams,"Williams, Kenrich",K. Williams,1994-12-02T00:00:00,Texas Christian,USA,Texas Christian University/USA,6-6,210,1,34,Guard-Forward,Active,1610612740,Pelicans,NOP,pelicans,New Orleans,kenrich_williams,2018,2019,Y,Y,Y,Undrafted,Undrafted,Undrafted,198.0,95.0
203998,Bruno,Caboclo,Bruno Caboclo,"Caboclo, Bruno",B. Caboclo,1995-09-21T00:00:00,Brazil,Brazil,Brazil/Brazil,6-9,218,5,5,Forward,Active,1610612761,Raptors,TOR,raptors,Toronto,bruno_caboclo,2014,2019,Y,Y,Y,2014,1,20,206.0,99.0
203086,Meyers,Leonard,Meyers Leonard,"Leonard, Meyers",M. Leonard,1992-02-27T00:00:00,Illinois,USA,Illinois/USA,7-0,260,7,0,Forward-Center,Active,1610612748,Heat,MIA,heat,Miami,meyers_leonard,2012,2019,N,Y,Y,2012,1,11,213.0,118.0
1627854,Bryn,Forbes,Bryn Forbes,"Forbes, Bryn",B. Forbes,1993-07-23T00:00:00,Michigan State,USA,Michigan State/USA,6-2,205,3,11,Guard,Active,1610612759,Spurs,SAS,spurs,San Antonio,bryn_forbes,2016,2019,Y,Y,Y,Undrafted,Undrafted,Undrafted,188.0,93.0
1629066,Rodions,Kurucs,Rodions Kurucs,"Kurucs, Rodions",R. Kurucs,1998-02-05T00:00:00, ,Latvia,Latvia/Latvia,6-9,228,1,00,Forward,Active,1610612751,Nets,BKN,nets,Brooklyn,rodions_kurucs,2018,2019,Y,Y,Y,2018,2,40,206.0,103.0
101150,Lou,Williams,Lou Williams,"Williams, Lou",L. Williams,1986-10-27T00:00:00,No College,USA,"South Gwinnett HS (Snellville, GA)/USA",6-1,175,14,23,Guard,Active,1610612746,Clippers,LAC,clippers,LA,lou_williams,2005,2019,Y,Y,Y,2005,2,45,185.0,79.0
1629003,Shake,Milton,Shake Milton,"Milton, Shake",S. Milton,1996-09-26T00:00:00,Southern Methodist,USA,Southern Methodist University/USA,6-5,205,1,18,Guard-Forward,Active,1610612755,76ers,PHI,sixers,Philadelphia,shake_milton,2018,2019,Y,Y,Y,2018,2,54,196.0,93.0
2594,Kyle,Korver,Kyle Korver,"Korver, Kyle",K. Korver,1981-03-17T00:00:00,Creighton,USA,Creighton/USA,6-7,212,16,26,Guard-Forward,Active,1610612749,Bucks,MIL,bucks,Milwaukee,kyle_korver,2003,2019,N,Y,Y,2003,2,51,201.0,96.0
1627395,Julian,Washburn,Julian Washburn,"Washburn, Julian",J. Washburn,1991-12-18T00:00:00,Texas-El Paso,USA,Texas-El Paso/USA,6-8,209,1,4,Forward-Guard,Active,1610612763,Grizzlies,MEM,grizzlies,Memphis,julian_washburn,2018,2018,Y,Y,Y,Undrafted,Undrafted,Undrafted,203.0,95.0
1628249,Mitchell,Creek,Mitchell Creek,"Creek, Mitchell",M. Creek,1992-04-27T00:00:00, ,Australia, Australia/Australia,6-6,225,1,55,Forward-Guard,Active,1610612750,Timberwolves,MIN,timberwolves,Minnesota,mitchell_creek,2018,2018,Y,Y,Y,Undrafted,Undrafted,Undrafted,198.0,102.0
1628414,Sindarius,Thornwell,Sindarius Thornwell,"Thornwell, Sindarius",S. Thornwell,1994-11-15T00:00:00,South Carolina,USA,South Carolina/USA,6-5,215,2,0,Guard,Active,1610612746,Clippers,LAC,clippers,LA,sindarius_thornwell,2017,2018,Y,Y,Y,2017,2,48,196.0,98.0
202330,Gordon,Hayward,Gordon Hayward,"Hayward, Gordon",G. Hayward,1990-03-23T00:00:00,Butler,USA,Butler/USA,6-7,225,9,20,Forward,Active,1610612738,Celtics,BOS,celtics,Boston,gordon_hayward,2010,2019,N,Y,Y,2010,1,9,201.0,102.0
203484,Kentavious,Caldwell-Pope,Kentavious Caldwell-Pope,"Caldwell-Pope, Kentavious",K. Caldwell-Pope,1993-02-18T00:00:00,Georgia,USA,Georgia/USA,6-5,204,6,1,Guard,Active,1610612747,Lakers,LAL,lakers,Los Angeles,kentavious_caldwell-pope,2013,2019,N,Y,Y,2013,1,8,196.0,93.0
1628977,Hamidou,Diallo,Hamidou Diallo,"Diallo, Hamidou",H. Diallo,1998-07-31T00:00:00,Kentucky,USA,University of Kentucky/USA,6-5,202,1,6,Guard,Active,1610612760,Thunder,OKC,thunder,Oklahoma City,hamidou_diallo,2018,2019,Y,Y,Y,2018,2,45,196.0,92.0
1629139,Yuta,Watanabe,Yuta Watanabe,"Watanabe, Yuta",Y. Watanabe,1994-10-13T00:00:00,George Washington,Japan,George Washington/Japan,6-8,215,1,18,Guard-Forward,Active,1610612763,Grizzlies,MEM,grizzlies,Memphis,yuta_watanabe,2018,2019,Y,Y,Y,Undrafted,Undrafted,Undrafted,203.0,98.0
1627737,Marquese,Chriss,Marquese Chriss,"Chriss, Marquese",M. Chriss,1997-07-02T00:00:00,Washington,USA,Washington/USA,6-9,240,3,32,Forward,Active,1610612744,Warriors,GSW,warriors,Golden State,marquese_chriss,2016,2019,N,Y,Y,2016,1,8,206.0,109.0
203504,Trey,Burke,Trey Burke,"Burke, Trey",T. Burke,1992-11-12T00:00:00,Michigan,USA,Michigan/USA,6-0,185,6,23,Guard,Active,1610612755,76ers,PHI,sixers,Philadelphia,trey_burke,2013,2019,Y,Y,Y,2013,1,9,183.0,84.0
1627846,Abdel,Nader,Abdel Nader,"Nader, Abdel",A. Nader,1993-09-25T00:00:00,Iowa State,Egypt,Egypt/Egypt,6-5,225,2,11,Forward,Active,1610612760,Thunder,OKC,thunder,Oklahoma City,abdel_nader,2017,2019,Y,Y,Y,2016,2,58,196.0,102.0
203090,Maurice,Harkless,Maurice Harkless,"Harkless, Maurice",M. Harkless,1993-05-11T00:00:00,"St. John's, N.Y.",USA,St. John's (N.Y.)/USA,6-7,220,7,8,Forward-Guard,Active,1610612746,Clippers,LAC,clippers,LA,maurice_harkless,2012,2019,N,Y,Y,2012,1,15,201.0,100.0
202325,Wesley,Johnson,Wesley Johnson,"Johnson, Wesley",W. Johnson,1987-07-11T00:00:00,Syracuse,USA,Syracuse/USA,6-7,215,9,4,Forward-Guard,Active,1610612764,Wizards,WAS,wizards,Washington,wesley_johnson,2010,2018,N,Y,Y,2010,1,4,201.0,98.0
1627775,Patrick,McCaw,Patrick McCaw,"McCaw, Patrick",P. McCaw,1995-10-25T00:00:00,UNLV,USA,Nevada-Las Vegas/USA,6-7,181,3,22,Guard,Active,1610612761,Raptors,TOR,raptors,Toronto,patrick_mccaw,2016,2019,Y,Y,Y,2016,2,38,201.0,82.0
203894,Shabazz,Napier,Shabazz Napier,"Napier, Shabazz",S. Napier,1991-07-14T00:00:00,Connecticut,USA,Connecticut/USA,6-0,175,5,13,Guard,Active,1610612750,Timberwolves,MIN,timberwolves,Minnesota,shabazz_napier,2014,2019,Y,Y,Y,2014,1,24,183.0,79.0
203920,Khem,Birch,Khem Birch,"Birch, Khem",K. Birch,1992-09-28T00:00:00,UNLV,Canada,Nevada-Las Vegas/Canada,6-9,233,2,24,Center,Active,1610612753,Magic,ORL,magic,Orlando,khem_birch,2017,2019,Y,Y,Y,Undrafted,Undrafted,Undrafted,206.0,106.0
203124,Kyle,O'Quinn,Kyle O'Quinn,"O'Quinn, Kyle",K. O'Quinn,1990-03-26T00:00:00,Norfolk State,USA,Norfolk State/USA,6-9,250,7,9,Center-Forward,Active,1610612755,76ers,PHI,sixers,Philadelphia,kyle_o'quinn,2012,2019,N,Y,Y,2012,2,49,206.0,113.0
203079,Dion,Waiters,Dion Waiters,"Waiters, Dion",D. Waiters,1991-12-10T00:00:00,Syracuse,USA,Syracuse/USA,6-3,210,7,11,Guard,Active,1610612748,Heat,MIA,heat,Miami,dion_waiters,2012,2019,N,Y,Y,2012,1,4,190.0,95.0
1628983,Shai,Gilgeous-Alexander,Shai Gilgeous-Alexander,"Gilgeous-Alexander, Shai",S. Gilgeous-Alexander,1998-07-12T00:00:00,Kentucky,Canada,University of Kentucky/Canada,6-5,180,1,2,Guard-Forward,Active,1610612760,Thunder,OKC,thunder,Oklahoma City,shai_gilgeous-alexander,2018,2019,N,Y,Y,2018,1,11,196.0,82.0
1628391,D.J.,Wilson,D.J. Wilson,"Wilson, D.J.",D. Wilson,1996-02-19T00:00:00,Michigan,USA,Michigan/USA,6-10,231,2,5,Forward,Active,1610612749,Bucks,MIL,bucks,Milwaukee,d.j._wilson,2017,2019,Y,Y,Y,2017,1,17,208.0,105.0
201147,Corey,Brewer,Corey Brewer,"Brewer, Corey",C. Brewer,1986-03-05T00:00:00,Florida,USA,Florida/USA,6-9,186,12,33,Guard-Forward,Active,1610612750,Timberwolves,MIN,timberwolves,Minnesota,corey_brewer,2007,2018,N,Y,Y,2007,1,7,206.0,84.0
201973,Jonas,Jerebko,Jonas Jerebko,"Jerebko, Jonas",J. Jerebko,1987-03-02T00:00:00, ,Sweden,Angelico Biella/Sweden,6-10,231,9,21,Forward,Active,1610612744,Warriors,GSW,warriors,Golden State,jonas_jerebko,2009,2018,N,Y,Y,2009,2,39,208.0,105.0
1628971,Bruce,Brown,Bruce Brown,"Brown, Bruce",B. Brown,1996-08-15T00:00:00,Miami,USA,University of Miami/USA,6-4,202,1,6,Guard-Forward,Active,1610612765,Pistons,DET,pistons,Detroit,tmp_bruce_brown,2018,2019,Y,Y,Y,2018,2,42,193.0,92.0
1628382,Justin,Jackson,Justin Jackson,"Jackson, Justin",J. Jackson,1995-03-28T00:00:00,North Carolina,USA,North Carolina/USA,6-7,220,2,44,Forward,Active,1610612742,Mavericks,DAL,mavericks,Dallas,justin_jackson,2017,2019,Y,Y,Y,2017,1,15,201.0,100.0
201569,Eric,Gordon,Eric Gordon,"Gordon, Eric",E. Gordon,1988-12-25T00:00:00,Indiana,USA,Indiana/USA,6-3,215,11,10,Guard,Active,1610612745,Rockets,HOU,rockets,Houston,eric_gordon,2008,2019,N,Y,Y,2008,1,7,190.0,98.0
1628469,Antonio,Blakeney,Antonio Blakeney,"Blakeney, Antonio",A. Blakeney,1996-10-04T00:00:00,Louisiana State,USA,Louisiana State/USA,6-4,192,2,9,Guard,Active,1610612741,Bulls,CHI,bulls,Chicago,antonio_blakeney,2017,2018,Y,Y,Y,Undrafted,Undrafted,Undrafted,193.0,87.0
1628021,David,Nwaba,David Nwaba,"Nwaba, David",D. Nwaba,1993-01-14T00:00:00,Cal Poly-Obispo,USA,Cal Poly-Obispo/USA,6-5,219,3,0,Guard-Forward,Active,1610612751,Nets,BKN,nets,Brooklyn,david_nwaba,2016,2019,Y,Y,Y,Undrafted,Undrafted,Undrafted,196.0,99.0
1629234,Drew,Eubanks,Drew Eubanks,"Eubanks, Drew",D. Eubanks,1997-02-01T00:00:00,Oregon State,USA, USA/USA,6-9,245,1,14,Forward-Center,Active,1610612759,Spurs,SAS,spurs,San Antonio,drew_eubanks,2018,2019,Y,Y,Y,Undrafted,Undrafted,Undrafted,206.0,111.0
1627747,Caris,LeVert,Caris LeVert,"LeVert, Caris",C. LeVert,1994-08-25T00:00:00,Michigan,USA,Michigan/USA,6-6,205,3,22,Guard,Active,1610612751,Nets,BKN,nets,Brooklyn,caris_levert,2016,2019,N,Y,Y,2016,1,20,198.0,93.0
1626192,Pat,Connaughton,Pat Connaughton,"Connaughton, Pat",P. Connaughton,1993-01-06T00:00:00,Notre Dame,USA,Notre Dame/USA,6-5,209,4,24,Guard,Active,1610612749,Bucks,MIL,bucks,Milwaukee,pat_connaughton,2015,2019,N,Y,Y,2015,2,41,196.0,95.0
1628410,Edmond,Sumner,Edmond Sumner,"Sumner, Edmond",E. Sumner,1995-12-31T00:00:00,Xavier,USA,Xavier/USA,6-4,196,2,5,Guard,Active,1610612754,Pacers,IND,pacers,Indiana,edmond_sumner,2017,2019,Y,Y,Y,2017,2,52,193.0,89.0
1628407,Dwayne,Bacon,Dwayne Bacon,"Bacon, Dwayne",D. Bacon,1995-08-30T00:00:00,Florida State,USA,Florida State/USA,6-6,221,2,7,Guard-Forward,Active,1610612766,Hornets,CHA,hornets,Charlotte,dwayne_bacon,2017,2019,Y,Y,Y,2017,2,40,198.0,100.0
101139,CJ,Miles,CJ Miles,"Miles, CJ",C. Miles,1987-03-18T00:00:00,No College,USA,"Skyline HS (Dallas, TX)USA/USA",6-6,220,14,34,Guard,Active,1610612764,Wizards,WAS,wizards,Washington,cj_miles,2005,2019,Y,Y,Y,2005,2,34,198.0,100.0
1629118,Thomas,Welsh,Thomas Welsh,"Welsh, Thomas",T. Welsh,1996-02-03T00:00:00,UCLA,USA, USA/USA,7-0,255,1,45,Center,Active,1610612743,Nuggets,DEN,nuggets,Denver,thomas_welsh,2018,2018,Y,Y,Y,2018,2,58,213.0,116.0
1717,Dirk,Nowitzki,Dirk Nowitzki,"Nowitzki, Dirk",D. Nowitzki,1978-06-19T00:00:00, ,Germany,Germany/Germany,7-0,245,21,41,Forward,Active,1610612742,Mavericks,DAL,mavericks,Dallas,dirk_nowitzki,1998,2018,N,Y,Y,1998,1,9,213.0,111.0
1629140,Johnathan,Williams,Johnathan Williams,"Williams, Johnathan",J. Williams,1995-05-22T00:00:00,Gonzaga,USA,Gonzaga/USA,6-9,228,1,19,Forward,Active,1610612747,Lakers,LAL,lakers,Los Angeles,johnathan_williams,2018,2018,Y,Y,Y,Undrafted,Undrafted,Undrafted,206.0,103.0
1626163,Frank,Kaminsky,Frank Kaminsky,"Kaminsky, Frank",F. Kaminsky,1993-04-04T00:00:00,Wisconsin,USA,Wisconsin/USA,7-0,240,4,8,Forward-Center,Active,1610612756,Suns,PHX,suns,Phoenix,frank_kaminsky,2015,2019,N,Y,Y,2015,1,9,213.0,109.0
101106,Andrew,Bogut,Andrew Bogut,"Bogut, Andrew",A. Bogut,1984-11-28T00:00:00,Utah,Australia,Utah/Australia,7-0,260,14,12,Center,Active,1610612749,Bucks,MIL,bucks,Milwaukee,andrew_bogut,2005,2018,N,Y,Y,2005,1,1,213.0,118.0
1713,Vince,Carter,Vince Carter,"Carter, Vince",V. Carter,1977-01-26T00:00:00,North Carolina,USA,North Carolina/USA,6-6,220,21,15,Guard-Forward,Active,1610612737,Hawks,ATL,hawks,Atlanta,vince_carter,1998,2019,N,Y,Y,1998,1,5,198.0,100.0
203526,Raul,Neto,Raul Neto,"Neto, Raul",R. Neto,1992-05-19T00:00:00, ,Brazil,Brazil/Brazil,6-1,180,4,19,Guard,Active,1610612755,76ers,PHI,sixers,Philadelphia,raul_neto,2015,2019,Y,Y,Y,2013,2,47,185.0,82.0
1628984,Devonte',Graham,Devonte' Graham,"Graham, Devonte'",D. Graham,1995-02-22T00:00:00,Kansas,USA,University of Kansas/USA,6-1,195,1,4,Guard,Active,1610612766,Hornets,CHA,hornets,Charlotte,devonte_graham,2018,2019,Y,Y,Y,2018,2,34,185.0,88.0
1629057,Robert,Williams III,Robert Williams III,"Williams III, Robert",R. Williams III,1997-10-17T00:00:00,Texas A&M,USA,Texas A&M University/USA,6-8,237,1,44,Center-Forward,Active,1610612738,Celtics,BOS,celtics,Boston,robert_williams,2018,2019,Y,Y,Y,2018,1,27,203.0,108.0
1627824,Guerschon,Yabusele,Guerschon Yabusele,"Yabusele, Guerschon",G. Yabusele,1995-12-17T00:00:00, ,France,France/France,6-8,260,2,30,Forward,Active,1610612738,Celtics,BOS,celtics,Boston,guerschon_yabusele,2016,2018,Y,Y,Y,2016,1,16,203.0,118.0
1628966,Keita,Bates-Diop,Keita Bates-Diop,"Bates-Diop, Keita",K. Bates-Diop,1996-01-23T00:00:00,Ohio State,USA,Ohio State University/USA,6-8,229,1,31,Forward,Active,1610612750,Timberwolves,MIN,timberwolves,Minnesota,keita_bates-diop,2018,2019,Y,Y,Y,2018,2,48,203.0,104.0
1626144,Emmanuel,Mudiay,Emmanuel Mudiay,"Mudiay, Emmanuel",E. Mudiay,1996-03-05T00:00:00, ,Democratic Republic of the Congo,Guangdong/DRC,6-3,200,4,8,Guard,Active,1610612762,Jazz,UTA,jazz,Utah,emmanuel_mudiay,2015,2019,N,Y,Y,2015,1,7,190.0,91.0
2733,Shaun,Livingston,Shaun Livingston,"Livingston, Shaun",S. Livingston,1985-09-11T00:00:00,No College,USA,Peoria Central HS (IL)USA/USA,6-7,192,15,34,Guard,Active,1610612744,Warriors,GSW,warriors,Golden State,shaun_livingston,2004,2018,Y,Y,Y,2004,1,4,201.0,87.0
203917,Nik,Stauskas,Nik Stauskas,"Stauskas, Nik",N. Stauskas,1993-10-07T00:00:00,Michigan,Canada,Michigan/Canada,6-6,205,5,1,Guard,Active,1610612739,Cavaliers,CLE,cavaliers,Cleveland,nik_stauskas,2014,2018,N,Y,Y,2014,1,8,198.0,93.0
1626174,Christian,Wood,Christian Wood,"Wood, Christian",C. Wood,1995-09-27T00:00:00,UNLV,USA,UNLV/USA,6-10,214,3,35,Forward,Active,1610612765,Pistons,DET,pistons,Detroit,christian_wood,2015,2019,Y,Y,Y,Undrafted,Undrafted,Undrafted,208.0,97.0
1629027,Trae,Young,Trae Young,"Young, Trae",T. Young,1998-09-19T00:00:00,Oklahoma,USA,University of Oklahoma/USA,6-1,180,1,11,Guard,Active,1610612737,Hawks,ATL,hawks,Atlanta,trae_young,2018,2019,N,Y,Y,2018,1,5,185.0,82.0
202690,Jimmer,Fredette,Jimmer Fredette,"Fredette, Jimmer",J. Fredette,1989-02-25T00:00:00,Brigham Young,USA,Brigham Young/USA,6-2,195,7,32,Guard,Active,1610612758,Kings,SAC,kings,Sacramento,jimmer_fredette,2011,2018,Y,Y,Y,2011,1,10,188.0,88.0
1629034,Ray,Spalding,Ray Spalding,"Spalding, Ray",R. Spalding,1997-03-11T00:00:00,Louisville,USA,Louisville/USA,6-10,215,1,26,Forward,Active,1610612756,Suns,PHX,suns,Phoenix,ray_spalding,2018,2018,Y,Y,Y,2018,2,56,208.0,98.0
1626203,Treveon,Graham,Treveon Graham,"Graham, Treveon",T. Graham,1993-10-28T00:00:00,Va Commonwealth,USA,Virginia Commonwealth/USA,6-5,219,3,12,Guard-Forward,Active,1610612750,Timberwolves,MIN,timberwolves,Minnesota,treveon_graham,2016,2019,Y,Y,Y,Undrafted,Undrafted,Undrafted,196.0,99.0
202718,Chandler,Parsons,Chandler Parsons,"Parsons, Chandler",C. Parsons,1988-10-25T00:00:00,Florida,USA,Florida/USA,6-9,230,8,31,Forward,Active,1610612737,Hawks,ATL,hawks,Atlanta,chandler_parsons,2011,2019,N,Y,Y,2011,2,38,206.0,104.0
203092,Tyler,Zeller,Tyler Zeller,"Zeller, Tyler",T. Zeller,1990-01-17T00:00:00,North Carolina,USA,North Carolina/USA,7-0,253,7,45,Center,Active,1610612738,Celtics,BOS,celtics,Boston,tyler_zeller,2012,2018,N,Y,Y,2012,1,17,213.0,115.0
1628993,Alize,Johnson,Alize Johnson,"Johnson, Alize",A. Johnson,1996-04-22T00:00:00,Missouri State,USA,Missouri State University/USA,6-7,212,1,24,Forward,Active,1610612754,Pacers,IND,pacers,Indiana,alize_johnson,2018,2019,Y,Y,Y,2018,2,50,201.0,96.0
1628443,Kadeem,Allen,Kadeem Allen,"Allen, Kadeem",K. Allen,1993-01-15T00:00:00,Arizona,USA,ArizonaUSA/USA,6-1,200,2,0,Guard,Active,1610612738,Celtics,BOS,celtics,Boston,kadeem_allen,2017,2019,Y,Y,Y,2017,2,53,185.0,91.0
1627215,Walt,Lemon Jr.,Walt Lemon Jr.,"Lemon Jr., Walt",W. Lemon Jr.,1992-07-26T00:00:00,Bradley,USA,Bradley/USA,6-3,180,2,25,Guard,Active,1610612741,Bulls,CHI,bulls,Chicago,walter_lemon jr.,2017,2018,Y,Y,Y,Undrafted,Undrafted,Undrafted,190.0,82.0
1628396,Tony,Bradley,Tony Bradley,"Bradley, Tony",T. Bradley,1998-01-08T00:00:00,North Carolina,USA,North Carolina/USA,6-10,248,2,13,Center-Forward,Active,1610612762,Jazz,UTA,jazz,Utah,tony_bradley,2017,2019,Y,Y,Y,2017,1,28,208.0,112.0
1627746,Skal,Labissiere,Skal Labissiere,"Labissiere, Skal",S. Labissiere,1996-03-18T00:00:00,Kentucky,Haiti,Kentucky/Haiti,6-10,235,3,17,Forward-Center,Active,1610612757,Trail Blazers,POR,blazers,Portland,skal_labissiere,2016,2019,Y,Y,Y,2016,1,28,208.0,107.0
